Workbook

Sheet Raw Data
A1: Measurement number | B1: HART-14 | C1: HART-15 | D1: HART-13 | E1: HART-12 | F1: HART-16 | G1: HART-17 | H1: HART-18 | I1: HART-19 | J1: JACK-11 | K1: JACK-22 | L1: JACK-24 | M1: JACK-25 | N1: JACK-31 | O1: JACK-33 | P1: JACK-34 | Q1: JACK-35 | R1: Elson-23-1 | S1: Elson-23-2 | T1: Elson-23-3 | U1: Elson-26-4 | V1: Elson-24-4 | W1: Elson-26-2 | X1: Elson-23-5 | Y1: Elson-24-2 | Z1: Elson-24-3 | AA1: Elson-24-5 | AB1: Elson-26-1 | AC1: Elson-26-6
A2: 1 | B2: 0.71599563 | D2: 0.71480661 | E2: 0.7586442 | G2: 0.71254323 | H2: 0.70878599 | I2: 0.71010426 | J2: 0.70916749 | K2: 0.71118794 | L2: 0.70809413 | M2: 0.71101453 | N2: 0.71048706 | O2: 0.70348603 | P2: 0.70768721 | Q2: 0.70823238 | R2: 0.70899351 | S2: 0.70909142 | T2: 0.71148507 | U2: 0.71041193 | V2: 0.70701505 | W2: 0.70776425 | X2: 0.70899221 | Y2: 0.70801202 | Z2: 0.7070002 | AA2: 0.70797955 | AB2: 0.70930621 | AC2: 0.70088426
A3: 2 | B3: 0.71450095 | D3: 0.71302116 | E3: 0.74989923 | G3: 0.70993079 | H3: 0.70704991 | I3: 0.70595958 | J3: 0.70747506 | K3: 0.70698717 | L3: 0.70976302 | M3: 0.70730218 | N3: 0.71339894 | O3: 0.71342788 | P3: 0.71100513 | Q3: 0.71041977 | R3: 0.70763333 | S3: 0.71022969 | T3: 0.71349671 | U3: 0.70855243 | V3: 0.71151229 | W3: 0.71080876 | X3: 0.71003044 | Y3: 0.70985172 | Z3: 0.71614517 | AA3: 0.70886871 | AB3: 0.707753 | AC3: 0.70856101
A4: 3 | B4: 0.713199 | D4: 0.71419314 | E4: 0.7359024 | G4: 0.70709486 | H4: 0.71532935 | I4: 0.70789203 | J4: 0.70884637 | K4: 0.70864131 | L4: 0.70893299 | M4: 0.7090377 | N4: 0.70757258 | O4: 0.70737651 | P4: 0.70248183 | Q4: 0.7082752 | R4: 0.71094114 | S4: 0.71296098 | T4: 0.7132432 | U4: 0.70895808 | V4: 0.70866864 | W4: 0.70902187 | X4: 0.70674433 | Y4: 0.70967729 | Z4: 0.71272568 | AA4: 0.70887458 | AB4: 0.70937392 | AC4: 0.70946009
A5: 4 | B5: 0.71267146 | D5: 0.71318867 | E5: 0.73540669 | G5: 0.70951884 | H5: 0.70838904 | I5: 0.71137451 | J5: 0.7091911 | K5: 0.70627026 | L5: 0.71060424 | M5: 0.70900197 | N5: 0.72110898 | O5: 0.70902207 | P5: 0.70742867 | Q5: 0.70792779 | R5: 0.70891797 | S5: 0.70925605 | T5: 0.70345818 | U5: 0.70959143 | V5: 0.70761781 | W5: 0.71014109 | X5: 0.70887996 | Y5: 0.70870295 | Z5: 0.71218406 | AA5: 0.7104303 | AB5: 0.7078607 | AC5: 0.70709583
A6: 5 | B6: 0.71187002 | D6: 0.71424951 | E6: 0.72940867 | G6: 0.70784429 | H6: 0.71190925 | I6: 0.71085645 | J6: 0.70918806 | K6: 0.7062441 | L6: 0.71097433 | M6: 0.70938106 | N6: 0.71231282 | O6: 0.70922658 | P6: 0.70826816 | Q6: 0.71004589 | R6: 0.70751257 | S6: 0.70296972 | T6: 0.71476819 | U6: 0.70950746 | V6: 0.70991025 | W6: 0.70771804 | X6: 0.70966016 | Y6: 0.70866759 | Z6: 0.70327401 | AA6: 0.70922822 | AB6: 0.70947646 | AC6: 0.70970639
A7: 6 | B7: 0.71277939 | D7: 0.71285103 | E7: 0.7278827 | G7: 0.71026663 | H7: 0.70766075 | I7: 0.70951216 | J7: 0.71010364 | K7: 0.71186035 | L7: 0.71017393 | M7: 0.70991768 | N7: 0.70113187 | O7: 0.71043814 | P7: 0.70185803 | Q7: 0.70996091 | R7: 0.71208754 | S7: 0.69514273 | T7: 0.70811325 | U7: 0.70852251 | V7: 0.70910854 | W7: 0.71044484 | X7: 0.70867365 | Y7: 0.70851889 | Z7: 0.70910522 | AA7: 0.70889752 | AB7: 0.71443342 | AC7: 0.70925213
A8: 7 | B8: 0.7126938 | D8: 0.71242823 | E8: 0.73068347 | G8: 0.71081793 | H8: 0.70932035 | I8: 0.71099646 | J8: 0.70867486 | K8: 0.71313508 | L8: 0.70678339 | M8: 0.70801099 | N8: 0.71401173 | O8: 0.70951166 | P8: 0.70565107 | Q8: 0.70965687 | R8: 0.71795121 | S8: 0.71774215 | T8: 0.7047779 | U8: 0.70886971 | V8: 0.70811592 | W8: 0.70814891 | X8: 0.70784728 | Y8: 0.70833144 | Z8: 0.7066991 | AA8: 0.70853916 | AB8: 0.71131115 | AC8: 0.71010447
A9: 8 | B9: 0.71087758 | D9: 0.71218829 | E9: 0.72409446 | G9: 0.7109181 | H9: 0.71116886 | I9: 0.70669428 | J9: 0.70949095 | K9: 0.70509293 | L9: 0.71032529 | M9: 0.70930954 | N9: 0.70908873 | O9: 0.70746643 | P9: 0.71439917 | Q9: 0.70980436 | R9: 0.70458791 | S9: 0.71066277 | T9: 0.70995771 | U9: 0.70846408 | V9: 0.70882608 | W9: 0.70882112 | X9: 0.70892782 | Y9: 0.70926543 | Z9: 0.7062941 | AA9: 0.70955843 | AB9: 0.70801143 | AC9: 0.71040154
A10: 9 | B10: 0.71134986 | D10: 0.71135943 | E10: 0.71877652 | G10: 0.70967202 | H10: 0.70609867 | I10: 0.70899622 | J10: 0.71084552 | K10: 0.70643534 | L10: 0.7081115 | M10: 0.70859968 | N10: 0.7093754 | O10: 0.70884254 | P10: 0.71323875 | Q10: 0.70988647 | R10: 0.71232868 | S10: 0.70487001 | T10: 0.71358804 | U10: 0.708914 | V10: 0.70844249 | W10: 0.70865725 | X10: 0.71053906 | Y10: 0.70741303 | Z10: 0.70433676 | AA10: 0.70899341 | AB10: 0.70932782 | AC10: 0.70889484
A11: 10 | B11: 0.7102823 | D11: 0.71086226 | E11: 0.72091673 | G11: 0.70945212 | H11: 0.70927612 | I11: 0.71257937 | J11: 0.70789368 | K11: 0.70982778 | L11: 0.71047762 | M11: 0.70840488 | N11: 0.714819 | O11: 0.70847303 | P11: 0.70767454 | Q11: 0.7098146 | R11: 0.71055528 | S11: 0.7202388 | T11: 0.70430286 | U11: 0.7096535 | V11: 0.7091867 | W11: 0.70954113 | X11: 0.71056145 | Y11: 0.70889052 | Z11: 0.7011766 | AA11: 0.70875941 | AB11: 0.70851359 | AC11: 0.70965817
A12: 11 | B12: 0.71109492 | D12: 0.71045132 | E12: 0.72619053 | G12: 0.71162059 | H12: 0.70856711 | I12: 0.70796971 | J12: 0.70865714 | K12: 0.70750297 | L12: 0.70893984 | M12: 0.70988938 | N12: 0.70547442 | O12: 0.70944751 | P12: 0.70901041 | Q12: 0.70915364 | R12: 0.71086849 | S12: 0.70103114 | T12: 0.70267561 | U12: 0.70811768 | V12: 0.70974798 | W12: 0.70916045 | X12: 0.71026877 | Y12: 0.71055148 | Z12: 0.71071615 | AA12: 0.70926861 | AB12: 0.70849377 | AC12: 0.70797784
A13: 12 | B13: 0.71097233 | D13: 0.71123171 | E13: 0.71930369 | F13: 0.71032361 | G13: 0.7103946 | H13: 0.71072801 | I13: 0.70217042 | J13: 0.70984957 | K13: 0.70711356 | L13: 0.70814303 | M13: 0.70937987 | N13: 0.70683355 | O13: 0.70934532 | P13: 0.71082663 | Q13: 0.70840364 | R13: 0.70821514 | S13: 0.70750114 | T13: 0.71072713 | U13: 0.70962448 | V13: 0.70897548 | W13: 0.70860714 | X13: 0.70987254 | Y13: 0.70926345 | Z13: 0.70780866 | AA13: 0.70988657 | AB13: 0.70802365 | AC13: 0.70877108
A14: 13 | B14: 0.71059067 | D14: 0.71103013 | E14: 0.72292958 | F14: 0.71074464 | G14: 0.70931214 | H14: 0.70841031 | I14: 0.70899914 | J14: 0.70901895 | K14: 0.70973104 | L14: 0.71010089 | M14: 0.7087122 | N14: 0.71108447 | O14: 0.70890099 | P14: 0.71054634 | Q14: 0.70869587 | R14: 0.70883394 | S14: 0.70771862 | T14: 0.70684907 | U14: 0.70846902 | V14: 0.71016353 | W14: 0.708787 | X14: 0.70880637 | Y14: 0.70929995 | Z14: 0.70449835 | AA14: 0.70957686 | AB14: 0.7102565 | AC14: 0.70970439
A15: 14 | B15: 0.71178173 | D15: 0.71107261 | E15: 0.71778507 | F15: 0.71046896 | G15: 0.70976047 | H15: 0.71043134 | I15: 0.70666522 | J15: 0.70821243 | K15: 0.70609933 | L15: 0.70916437 | M15: 0.70808401 | N15: 0.71255117 | O15: 0.70762197 | P15: 0.70781993 | Q15: 0.70952342 | R15: 0.7092279 | S15: 0.71252688 | T15: 0.70971419 | U15: 0.70907331 | V15: 0.7101096 | W15: 0.70863199 | X15: 0.707948 | Y15: 0.70886639 | Z15: 0.71460394 | AA15: 0.70880618 | AB15: 0.70875341 | AC15: 0.70838169
A16: 15 | B16: 0.71171501 | D16: 0.70989554 | E16: 0.72181798 | F16: 0.71027994 | G16: 0.708906 | H16: 0.71261409 | I16: 0.71172406 | J16: 0.70995036 | K16: 0.71051762 | L16: 0.71121522 | M16: 0.70971943 | N16: 0.70662212 | O16: 0.70883018 | P16: 0.70999843 | Q16: 0.70938928 | R16: 0.70766489 | S16: 0.70799323 | T16: 0.7104494 | U16: 0.70841271 | V16: 0.70959208 | W16: 0.70923233 | X16: 0.70969074 | Y16: 0.7084666 | Z16: 0.71326418 | AA16: 0.70816052 | AB16: 0.71004209 | AC16: 0.70916958
A17: 16 | B17: 0.71035943 | D17: 0.71066449 | E17: 0.71763382 | F17: 0.71020105 | G17: 0.71021487 | H17: 0.71367954 | I17: 0.71571394 | J17: 0.70821775 | K17: 0.70801155 | L17: 0.70817156 | M17: 0.70898236 | N17: 0.70865107 | O17: 0.70888157 | P17: 0.71334183 | Q17: 0.70896045 | R17: 0.70769617 | S17: 0.70765643 | T17: 0.70779801 | U17: 0.7088273 | V17: 0.70880766 | W17: 0.70999907 | X17: 0.70879467 | Y17: 0.70965428 | Z17: 0.71222922 | AA17: 0.70944096 | AB17: 0.70920088 | AC17: 0.70912171
A18: 17 | B18: 0.71119497 | D18: 0.71131311 | E18: 0.71772524 | F18: 0.70949941 | G18: 0.70846603 | H18: 0.70754295 | I18: 0.71077976 | J18: 0.70950556 | K18: 0.70935039 | L18: 0.70822435 | M18: 0.70935813 | N18: 0.7061043 | O18: 0.70897044 | P18: 0.70700137 | Q18: 0.70931224 | R18: 0.70872172 | S18: 0.71188771 | T18: 0.70596371 | U18: 0.7096075 | V18: 0.71011857 | W18: 0.70939746 | X18: 0.70936461 | Y18: 0.70905718 | Z18: 0.71097181 | AA18: 0.70896431 | AB18: 0.70803007 | AC18: 0.70882134
A19: 18 | B19: 0.71066785 | D19: 0.71065754 | E19: 0.71320904 | F19: 0.71006875 | G19: 0.71021767 | H19: 0.70949535 | I19: 0.7075758 | J19: 0.70900989 | K19: 0.70003346 | L19: 0.70902926 | M19: 0.70932804 | N19: 0.71036185 | O19: 0.70905237 | P19: 0.71085966 | Q19: 0.70886406 | R19: 0.7082778 | S19: 0.71084428 | T19: 0.71000353 | U19: 0.70897986 | V19: 0.70939146 | W19: 0.70935143 | X19: 0.70895227 | Y19: 0.70908331 | Z19: 0.70461479 | AA19: 0.70994666 | AB19: 0.70943729 | AC19: 0.7093686
A20: 19 | B20: 0.71087288 | D20: 0.71080795 | E20: 0.71658691 | F20: 0.711135 | G20: 0.7022028 | H20: 0.70926305 | I20: 0.71064402 | J20: 0.70890241 | K20: 0.71582982 | L20: 0.70905559 | M20: 0.7086675 | N20: 0.71125327 | O20: 0.70957836 | P20: 0.70938494 | Q20: 0.7098379 | R20: 0.70832063 | S20: 0.70915897 | T20: 0.70784925 | U20: 0.70932209 | V20: 0.71090589 | W20: 0.70917684 | X20: 0.70960434 | Y20: 0.70842462 | Z20: 0.71105528 | AA20: 0.70920561 | AB20: 0.7081718 | AC20: 0.70957436
A21: 20 | B21: 0.71061834 | D21: 0.70954251 | E21: 0.71422011 | F21: 0.71041071 | G21: 0.70989079 | H21: 0.70707989 | I21: 0.70704542 | J21: 0.70964562 | K21: 0.70123445 | L21: 0.70988995 | M21: 0.70898243 | N21: 0.71152611 | O21: 0.70969457 | P21: 0.71089155 | Q21: 0.70859628 | R21: 0.70915233 | S21: 0.70859912 | T21: 0.70675424 | U21: 0.70926181 | V21: 0.70898606 | W21: 0.70770533 | X21: 0.70913101 | Y21: 0.70894687 | Z21: 0.70965111 | AA21: 0.70958742 | AB21: 0.7093435 | AC21: 0.71013703
A22: 21 | B22: 0.71076311 | D22: 0.70989727 | E22: 0.71564024 | F22: 0.71043096 | G22: 0.7074492 | H22: 0.71030893 | I22: 0.70785838 | J22: 0.70933288 | K22: 0.70793876 | L22: 0.70867587 | M22: 0.70851656 | N22: 0.70090858 | O22: 0.70869487 | P22: 0.71014606 | Q22: 0.70865986 | R22: 0.7104275 | S22: 0.70926741 | T22: 0.70846867 | U22: 0.70913021 | V22: 0.70944614 | W22: 0.70974944 | X22: 0.70845017 | Y22: 0.7087756 | Z22: 0.70942116 | AA22: 0.70765069 | AB22: 0.70898581 | AC22: 0.70988094
A23: 22 | B23: 0.70993356 | D23: 0.71030184 | E23: 0.71552454 | F23: 0.71075944 | G23: 0.7096858 | H23: 0.70900969 | I23: 0.70881 | J23: 0.70789969 | K23: 0.70739031 | L23: 0.7082059 | M23: 0.70932865 | N23: 0.70648097 | O23: 0.70860633 | P23: 0.70076162 | Q23: 0.70914223 | R23: 0.70586609 | S23: 0.70979715 | T23: 0.70975505 | U23: 0.70854396 | V23: 0.70959258 | W23: 0.7094156 | X23: 0.71023461 | Y23: 0.7090551 | Z23: 0.70841999 | AA23: 0.70929259 | AB23: 0.70951113 | AC23: 0.7089574
A24: 23 | B24: 0.7112046 | D24: 0.70974897 | E24: 0.7181569 | F24: 0.71116245 | G24: 0.70919016 | H24: 0.70756421 | I24: 0.70671169 | J24: 0.70885172 | K24: 0.70728198 | L24: 0.70878473 | M24: 0.70887326 | N24: 0.70490598 | O24: 0.70938671 | P24: 0.70829 | Q24: 0.70921994 | R24: 0.70845389 | S24: 0.70946133 | T24: 0.71401628 | U24: 0.7091397 | V24: 0.70949223 | W24: 0.70937825 | X24: 0.70748586 | Y24: 0.70969613 | Z24: 0.71024336 | AA24: 0.70962096 | AB24: 0.70889451 | AC24: 0.70829887
... A38: 37 | B38: 0.71090299 | D38: 0.71066335 | E38: 0.71477542 | F38: 0.7094851 | G38: 0.71132098 | H38: 0.7089998 | I38: 0.70973293 | J38: 0.70882674 | K38: 0.71328813 | L38: 0.70854273 | M38: 0.7090809 | N38: 0.71358533 | O38: 0.70877965 | P38: 0.71269223 | Q38: 0.70817347 | R38: 0.70867585 | S38: 0.70978483 | T38: 0.7186582 | U38: 0.70917592 | V38: 0.70929103 | W38: 0.70960328 | X38: 0.70926166 | Y38: 0.70880326 | Z38: 0.7087569 | AA38: 0.70820937 | AB38: 0.70953202 | AC38: 0.70913598
A39: 38 | B39: 0.71018415 | C39: 0.713014 | D39: 0.70952667 | E39: 0.71552193 | F39: 0.71095924 | G39: 0.70879583 | H39: 0.70894328 | I39: 0.70932038 | J39: 0.70929187 | K39: 0.71096644 | L39: 0.70889652 | M39: 0.70918399 | N39: 0.70971909 | O39: 0.70881785 | P39: 0.70988616 | Q39: 0.70912689 | R39: 0.70965618 | S39: 0.70875021 | T39: 0.70450017 | U39: 0.70874315 | V39: 0.70878327 | W39: 0.70892078 | X39: 0.7094941 | Y39: 0.7089254 | Z39: 0.70890736 | AA39: 0.70962812 | AB39: 0.70961134 | AC39: 0.70905207
A40: 39 | B40: 0.71001287 | C40: 0.71210173 | D40: 0.71008695 | E40: 0.71365713 | F40: 0.70903087 | G40: 0.70859796 | H40: 0.70874263 | I40: 0.70957477 | J40: 0.70847049 | K40: 0.71392396 | L40: 0.70953566 | M40: 0.70890994 | N40: 0.71223141 | O40: 0.70922097 | P40: 0.71081516 | Q40: 0.70909312 | R40: 0.71000596 | S40: 0.70884358 | T40: 0.7078884 | U40: 0.70998722 | V40: 0.70850723 | W40: 0.70963767 | X40: 0.70867629 | Y40: 0.70974457 | Z40: 0.70937787 | AA40: 0.70892987 | AB40: 0.70885371 | AC40: 0.70896426
A41: 40 | B41: 0.70937143 | C41: 0.71259414 | D41: 0.70989443 | E41: 0.71471204 | F41: 0.7096586 | G41: 0.71120314 | H41: 0.70895625 | I41: 0.70904002 | J41: 0.70876664 | K41: 0.70699773 | L41: 0.70855599 | M41: 0.70863903 | N41: 0.70927151 | O41: 0.70897249 | P41: 0.71123228 | Q41: 0.70901147 | R41: 0.71024298 | S41: 0.70873155 | T41: 0.71081217 | U41: 0.70887552 | V41: 0.70866995 | W41: 0.70895131 | X41: 0.70965522 | Y41: 0.70888512 | Z41: 0.70888547 | AA41: 0.70971692 | AB41: 0.70869114 | AC41: 0.70959422
A42: 41 | B42: 0.71042744 | C42: 0.71219073 | D42: 0.70993723 | E42: 0.71445586 | F42: 0.71040401 | G42: 0.71064922 | H42: 0.70965174 | I42: 0.7091591 | J42: 0.70903889 | K42: 0.7100136 | L42: 0.70929907 | M42: 0.7096146 | N42: 0.70980679 | O42: 0.7091801 | P42: 0.70926399 | Q42: 0.7093237 | R42: 0.70932314 | S42: 0.70884303 | T42: 0.74071056 | U42: 0.70899928 | V42: 0.70878982 | W42: 0.70946307 | X42: 0.70922028 | Y42: 0.70895256 | Z42: 0.70943309 | AA42: 0.70956568 | AB42: 0.70892639 | AC42: 0.70892067
A43: 42 | B43: 0.70929775 | C43: 0.70991401 | D43: 0.71011516 | E43: 0.7135827 | F43: 0.71034988 | G43: 0.70635441 | H43: 0.70870408 | I43: 0.70905996 | J43: 0.7084273 | K43: 0.70612073 | L43: 0.70872643 | M43: 0.70900382 | N43: 0.71424952 | O43: 0.70932366 | P43: 0.71157334 | Q43: 0.70932343 | R43: 0.70992458 | S43: 0.70941492 | T43: 0.70637211 | U43: 0.70986118 | V43: 0.70924277 | W43: 0.70868334 | X43: 0.71012076 | Y43: 0.70967058 | Z43: 0.70898983 | AA43: 0.70952145 | AB43: 0.70902313 | AC43: 0.70877292
A44: 43 | B44: 0.71022198 | C44: 0.71119752 | D44: 0.70974292 | E44: 0.71452785 | F44: 0.70884915 | G44: 0.71056758 | H44: 0.70944993 | I44: 0.70935508 | J44: 0.70866883 | K44: 0.70865211 | L44: 0.70787235 | M44: 0.70981903 | N44: 0.70926499 | O44: 0.70905676 | P44: 0.70853291 | Q44: 0.70925853 | R44: 0.70883268 | S44: 0.70935108 | T44: 0.70767502 | U44: 0.70931405 | V44: 0.70874555 | W44: 0.70930661 | X44: 0.70903965 | Y44: 0.70932043 | Z44: 0.70949214 | AA44: 0.70851914 | AB44: 0.70976315 | AC44: 0.70880011
A45: 44 | B45: 0.70973202 | C45: 0.71026647 | D45: 0.71009828 | E45: 0.71763085 | F45: 0.70946879 | G45: 0.70965168 | H45: 0.70987394 | I45: 0.70960389 | J45: 0.70872688 | K45: 0.70822362 | L45: 0.70949527 | M45: 0.70859582 | N45: 0.70846173 | O45: 0.70967429 | P45: 0.70973801 | Q45: 0.70921745 | R45: 0.70934541 | S45: 0.70980301 | T45: 0.71534297 | U45: 0.70898953 | V45: 0.7081241 | W45: 0.70966644 | X45: 0.70966933 | Y45: 0.70899769 | Z45: 0.70876973 | AA45: 0.70943858 | AB45: 0.70908084 | AC45: 0.70903334
A46: 45 | B46: 0.70976012 | C46: 0.71071237 | D46: 0.71009501 | E46: 0.71687303 | F46: 0.71008136 | G46: 0.70968484 | H46: 0.70888035 | I46: 0.70903253 | J46: 0.70888438 | K46: 0.70705331 | L46: 0.70885501 | M46: 0.7093341 | N46: 0.71221736 | O46: 0.70861506 | P46: 0.70836923 | Q46: 0.70828879 | R46: 0.70957782 | S46: 0.70883552 | T46: 0.71884003 | U46: 0.70989863 | V46: 0.70903785 | W46: 0.70935539 | X46: 0.7091756 | Y46: 0.70948144 | Z46: 0.70873437 | AA46: 0.7091131 | AB46: 0.70891681 | AC46: 0.70891353
A47: 46 | B47: 0.70992605 | C47: 0.7102746 | D47: 0.70966361 | E47: 0.71492658 | F47: 0.71028768 | G47: 0.70453518 | H47: 0.70943371 | I47: 0.70895634 | J47: 0.70815782 | K47: 0.71003586 | L47: 0.70995774 | M47: 0.70917208 | N47: 0.70862655 | O47: 0.70927312 | P47: 0.71069595 | Q47: 0.70960214 | R47: 0.71028937 | S47: 0.71106457 | T47: 0.71020071 | U47: 0.70881235 | V47: 0.70926892 | W47: 0.71005668 | X47: 0.70935308 | Y47: 0.70979684 | Z47: 0.70922929 | AA47: 0.71031576 | AB47: 0.70964741 | AC47: 0.70969049
A48: 47 | B48: 0.70953321 | C48: 0.71049254 | D48: 0.70982548 | E48: 0.71473778 | F48: 0.70924544 | G48: 0.71025988 | H48: 0.70873253 | I48: 0.71055209 | J48: 0.70846965 | K48: 0.70742878 | L48: 0.70898967 | M48: 0.70912865 | N48: 0.71080754 | O48: 0.70911847 | P48: 0.7071547 | Q48: 0.70968405 | R48: 0.70847396 | S48: 0.70925998 | T48: 0.71006172 | U48: 0.70922031 | V48: 0.70770451 | W48: 0.70948434 | X48: 0.7093297 | Y48: 0.70947521 | Z48: 0.70891176 | AA48: 0.7092178 | AB48: 0.709458 | AC48: 0.70957013
A49: 48 | B49: 0.70990113 | C49: 0.70995297 | D49: 0.70950344 | E49: 0.71686726 | F49: 0.71013624 | G49: 0.70510188 | H49: 0.70948269 | I49: 0.70784127 | J49: 0.70910028 | K49: 0.71035557 | L49: 0.70873417 | M49: 0.70898092 | N49: 0.71037469 | O49: 0.70881978 | P49: 0.71086684 | Q49: 0.70879417 | R49: 0.71046992 | S49: 0.70872494 | T49: 0.70979952 | U49: 0.70864288 | V49: 0.70845338 | W49: 0.70893257 | X49: 0.70952082 | Y49: 0.70920576 | Z49: 0.70907193 | AA49: 0.70918175 | AB49: 0.70899224 | AC49: 0.70882015
A50: 49 | B50: 0.71048169 | C50: 0.71018619 | D50: 0.70974738 | E50: 0.71552101 | F50: 0.70921731 | G50: 0.70748561 | H50: 0.70860078 | I50: 0.70879642 | J50: 0.70862395 | K50: 0.70641567 | L50: 0.70888169 | M50: 0.70961064 | N50: 0.71175361 | O50: 0.71019822 | P50: 0.71246827 | Q50: 0.70861573 | R50: 0.7092987 | S50: 0.70946427 | T50: 0.71034087 | U50: 0.70877514 | V50: 0.7084034 | W50: 0.71028026 | X50: 0.70956784 | Y50: 0.7091757 | Z50: 0.70887928 | AA50: 0.70956238 | AB50: 0.70892319 | AC50: 0.70850454
... A204: 203 | B204: 0.70901703 | C204: 0.71136522 | D204: 0.70853844 | E204: 0.70948408 | F204: 0.70988465 | G204: 0.70785306 | H204: 0.70783994 | I204: 0.7096356 | J204: 0.70782858 | K204: 0.70853137 | L204: 0.70873964 | M204: 0.70898786 | N204: 0.70881951 | O204: 0.70810666 | P204: 0.70898146 | Q204: 0.70879233 | R204: 0.70916702 | S204: 0.70869204 | T204: 0.70789402 | U204: 0.70805346 | V204: 0.70922483 | W204: 0.70695265 | X204: 0.71064416 | Y204: 0.7092395 | Z204: 0.70943115 | AA204: 0.70859745 | AB204: 0.70914159 | AC204: 0.70738415
A205: 204 | B205: 0.70880733 | C205: 0.70966682 | D205: 0.70915408 | E205: 0.70878755 | F205: 0.71027419 | G205: 0.70854502 | H205: 0.70782227 | I205: 0.70865366 | K205: 0.70873266 | L205: 0.70844933 | M205: 0.70887973 | N205: 0.70987122 | O205: 0.70801119 | P205: 0.70911407 | Q205: 0.70863276 | R205: 0.70966169 | S205: 0.70877996 | T205: 0.70743873 | U205: 0.70900803 | V205: 0.70984918 | W205: 0.70750707 | X205: 0.70777669 | Y205: 0.70984168 | Z205: 0.70878534 | AA205: 0.70832183 | AB205: 0.70970366 | AC205: 0.70823881
A206: 205 | B206: 0.71002477 | C206: 0.7089369 | D206: 0.70866197 | E206: 0.70960734 | F206: 0.70884642 | G206: 0.70846033 | H206: 0.70787236 | I206: 0.70847365 | K206: 0.70876009 | L206: 0.70850491 | M206: 0.70847026 | N206: 0.70836172 | O206: 0.70758671 | P206: 0.70989887 | Q206: 0.7086409 | R206: 0.70930904 | S206: 0.70910386 | T206: 0.71019352 | U206: 0.70848288 | V206: 0.70830585 | W206: 0.70872378 | X206: 0.70879731 | Y206: 0.70850481 | Z206: 0.70860808 | AA206: 0.70816262 | AB206: 0.70832686 | AC206: 0.70839526
A207: 206 | B207: 0.70954173 | C207: 0.70925906 | D207: 0.70894302 | E207: 0.70930517 | F207: 0.70987432 | G207: 0.70758927 | H207: 0.70803273 | I207: 0.70880268 | K207: 0.70840208 | L207: 0.70858792 | M207: 0.70836642 | N207: 0.70893662 | O207: 0.70697749 | P207: 0.7090924 | Q207: 0.70893589 | R207: 0.71140872 | S207: 0.7090477 | T207: 0.71072 | U207: 0.70907296 | V207: 0.70979223 | W207: 0.70801183 | X207: 0.70820259 | Y207: 0.70943846 | Z207: 0.70916774 | AA207: 0.70836704 | AB207: 0.70911614 | AC207: 0.70827151
A208: 207 | B208: 0.71028227 | C208: 0.70978364 | D208: 0.70965638 | E208: 0.70919895 | F208: 0.70992487 | G208: 0.70717548 | H208: 0.70778018 | I208: 0.71011805 | K208: 0.70944752 | L208: 0.70893302 | M208: 0.7083944 | N208: 0.70907017 | O208: 0.70753917 | P208: 0.70920564 | Q208: 0.70850865 | R208: 0.70915799 | S208: 0.70927074 | T208: 0.71262789 | U208: 0.70897107 | V208: 0.7084212 | W208: 0.707885 | X208: 0.70935585 | Y208: 0.70923375 | Z208: 0.70868387 | AA208: 0.70820057 | AB208: 0.7095045 | AC208: 0.70858904
A209: 208 | B209: 0.70890388 | C209: 0.71008537 | D209: 0.70909329 | E209: 0.70962978 | F209: 0.7100469 | G209: 0.70830402 | H209: 0.70723283 | I209: 0.70735956 | K209: 0.70967957 | L209: 0.70788739 | M209: 0.7078049 | N209: 0.70931651 | O209: 0.70823152 | P209: 0.7087388 | Q209: 0.70891377 | R209: 0.70910151 | S209: 0.70940745 | T209: 0.71013646 | U209: 0.70910989 | V209: 0.70996075 | W209: 0.70763586 | X209: 0.70915275 | Y209: 0.70888336 | Z209: 0.70988154 | AA209: 0.70870262 | AB209: 0.7091781 | AC209: 0.70789283
A210: 209 | B210: 0.71032228 | C210: 0.70950174 | D210: 0.70891591 | E210: 0.71018666 | F210: 0.71056792 | G210: 0.70878428 | H210: 0.70845045 | I210: 0.70911414 | K210: 0.70855921 | L210: 0.70893825 | M210: 0.70808198 | N210: 0.70818372 | O210: 0.70819934 | P210: 0.70933263 | Q210: 0.70856368 | R210: 0.70876253 | S210: 0.709375 | T210: 0.71198808 | U210: 0.70922218 | V210: 0.7092349 | W210: 0.70810832 | X210: 0.70925308 | Y210: 0.70846586 | Z210: 0.70931266 | AA210: 0.70855968 | AB210: 0.70917947 | AC210: 0.7084977
A211: 210 | B211: 0.70940988 | C211: 0.70917262 | D211: 0.7091505 | E211: 0.70988092 | F211: 0.70950742 | G211: 0.70451042 | H211: 0.70765175 | I211: 0.70867217 | K211: 0.70920851 | L211: 0.70894628 | M211: 0.70891763 | N211: 0.709489 | O211: 0.70794853 | P211: 0.70910003 | Q211: 0.70864817 | R211: 0.71025445 | S211: 0.70838965 | T211: 0.71298747 | U211: 0.70879109 | V211: 0.70974841 | W211: 0.70788836 | X211: 0.70811088 | Y211: 0.70950308 | Z211: 0.70865245 | AA211: 0.70888347 | AB211: 0.70906211 | AC211: 0.70793476
A212: 211 | B212: 0.71009746 | C212: 0.70956432 | D212: 0.70887295 | E212: 0.70821559 | F212: 0.70926676 | G212: 0.70831 | H212: 0.70799947 | I212: 0.71002902 | K212: 0.70866147 | L212: 0.70833344 | M212: 0.70915426 | N212: 0.70799493 | O212: 0.7084992 | P212: 0.7091106 | Q212: 0.70962938 | R212: 0.7097059 | S212: 0.70934127 | T212: 0.70939237 | U212: 0.70923085 | V212: 0.70829913 | W212: 0.70865357 | X212: 0.70912916 | Y212: 0.70992352 | Z212: 0.70819138 | AA212: 0.70932571 | AB212: 0.70920081 | AC212: 0.70828
A213: 212 | B213: 0.71025092 | C213: 0.70895176 | D213: 0.70860414 | E213: 0.7087511 | F213: 0.70947624 | G213: 0.70722338 | H213: 0.70749443 | I213: 0.70783822 | K213: 0.70909022 | L213: 0.70771494 | M213: 0.71030308 | N213: 0.70861076 | O213: 0.7071585 | P213: 0.70943242 | Q213: 0.70807413 | R213: 0.70906209 | S213: 0.70924092 | T213: 0.70535086 | U213: 0.70829493 | V213: 0.70923089 | W213: 0.70812865 | X213: 0.70839307 | Y213: 0.70910834 | Z213: 0.70899763 | AA213: 0.70856138 | AB213: 0.70871078 | AC213: 0.70841944
A214: 213 | B214: 0.7103868 | C214: 0.70941416 | D214: 0.70929892 | E214: 0.70894066 | F214: 0.7100515 | G214: 0.70789768 | H214: 0.7089594 | I214: 0.70662411 | K214: 0.70920383 | L214: 0.70793031 | M214: 0.70833417 | N214: 0.70917461 | O214: 0.70781066 | P214: 0.70847148 | Q214: 0.70890744 | R214: 0.71274861 | S214: 0.70923272 | T214: 0.7102576 | U214: 0.70928517 | V214: 0.7091424 | W214: 0.70861909 | X214: 0.70899295 | Y214: 0.7092953 | Z214: 0.70898702 | AA214: 0.70881928 | AB214: 0.70884625 | AC214: 0.70724348
A215: 214 | B215: 0.70958808 | C215: 0.70383769 | D215: 0.70834191 | E215: 0.7102765 | F215: 0.70934649 | G215: 0.70739823 | H215: 0.70799417 | I215: 0.71015547 | K215: 0.70934952 | L215: 0.70771518 | M215: 0.70869168 | N215: 0.70988447 | O215: 0.70776515 | P215: 0.70984748 | Q215: 0.70937288 | R215: 0.70660822 | S215: 0.70962489 | T215: 0.71257941 | U215: 0.70948457 | V215: 0.70955348 | W215: 0.70733674 | X215: 0.70921022 | Y215: 0.70983089 | Z215: 0.7094119 | AA215: 0.70882087 | AB215: 0.7091117 | AC215: 0.7081033
A216: 215 | B216: 0.70927151 | C216: 0.70956981 | D216: 0.7084414 | E216: 0.70960943 | F216: 0.70943714 | G216: 0.70830229 | H216: 0.70896545 | I216: 0.70642535 | K216: 0.70840774 | L216: 0.70891976 | M216: 0.70777648 | N216: 0.71012692 | O216: 0.70642302 | P216: 0.7091119 | Q216: 0.70903325 | R216: 0.71174006 | S216: 0.70887662 | T216: 0.70981114 | U216: 0.7082739 | V216: 0.70946701 | W216: 0.70744719 | X216: 0.70843737 | Y216: 0.70872768 | Z216: 0.70821575 | AA216: 0.7091097 | AB216: 0.70902623 | AC216: 0.70816554
... A221: 220 | B221: 0.70978886 | C221: 0.70899954 | D221: 0.70899589 | E221: 0.70846781 | F221: 0.70970662 | G221: 0.70779852 | H221: 0.70879463 | I221: 0.70892399 | K221: 0.70868187 | L221: 0.70812942 | M221: 0.70857497 | N221: 0.70971399 | O221: 0.70742059 | P221: 0.70922688 | Q221: 0.70920805 | R221: 0.70003889 | S221: 0.70976132 | T221: 0.71212641 | U221: 0.70896353 | V221: 0.70939989 | W221: 0.70775337 | X221: 0.70911003 | Y221: 0.70942755 | Z221: 0.70879008 | AA221: 0.70900908 | AB221: 0.70894457 | AC221: 0.70781112
A222: 221 | B222: 0.7106364 | C222: 0.70900093 | D222: 0.71061733 | E222: 0.70812846 | F222: 0.70945422 | G222: 0.70738211 | H222: 0.70862485 | I222: 0.70613352 | K222: 0.70912761 | L222: 0.70866742 | M222: 0.70852613 | N222: 0.7095576 | O222: 0.70747252 | P222: 0.70935719 | Q222: 0.70940489 | S222: 0.70940624 | T222: 0.70578565 | U222: 0.70880271 | V222: 0.7089059 | W222: 0.70693542 | X222: 0.70960817 | Y222: 0.70923624 | Z222: 0.70861038 | AA222: 0.70884293 | AB222: 0.70854485 | AC222: 0.70780919
A223: 222 | B223: 0.71014358 | C223: 0.70917092 | D223: 0.70924998 | E223: 0.70866957 | F223: 0.7096281 | G223: 0.70660109 | H223: 0.70878144 | I223: 0.70900822 | K223: 0.70905632 | L223: 0.70797205 | M223: 0.70906581 | N223: 0.70921812 | O223: 0.70900538 | P223: 0.71041545 | Q223: 0.70961363 | S223: 0.70980364 | T223: 0.70981586 | U223: 0.70938319 | V223: 0.70903037 | W223: 0.70754432 | X223: 0.70914931 | Y223: 0.70921662 | Z223: 0.70936198 | AA223: 0.70908762 | AB223: 0.70900197 | AC223: 0.7081744
A224: 223 | B224: 0.70959583 | C224: 0.70909162 | D224: 0.7096402 | E224: 0.7094129 | F224: 0.70941258 | G224: 0.70702291 | H224: 0.70716775 | I224: 0.70916851 | K224: 0.70969317 | L224: 0.70823302 | M224: 0.70924643 | N224: 0.70947861 | O224: 0.70869407 | P224: 0.70916141 | Q224: 0.70872611 | S224: 0.70971923 | T224: 0.70741149 | U224: 0.70869529 | V224: 0.70909838 | W224: 0.70824079 | X224: 0.70943896 | Y224: 0.70901416 | Z224: 0.70753594 | AA224: 0.7089698 | AB224: 0.70895049 | AC224: 0.70814524
A225: 224 | B225: 0.71093744 | C225: 0.70886933 | D225: 0.70890772 | E225: 0.70904473 | F225: 0.70989238 | G225: 0.70809972 | H225: 0.70863981 | I225: 0.70824766 | K225: 0.70903422 | L225: 0.70810677 | M225: 0.70864494 | N225: 0.70913489 | O225: 0.70925889 | P225: 0.70967583 | Q225: 0.70909154 | S225: 0.70897664 | T225: 0.70718854 | U225: 0.70931569 | V225: 0.70901808 | W225: 0.7075489 | X225: 0.70935461 | Y225: 0.70932279 | Z225: 0.70959536 | AA225: 0.70908483 | AB225: 0.70897394 | AC225: 0.70787119
A226: 225 | B226: 0.70941194 | C226: 0.70947183 | D226: 0.70932537 | E226: 0.70934871 | F226: 0.70982291 | G226: 0.70794909 | H226: 0.70648398 | I226: 0.70913545 | K226: 0.70898951 | L226: 0.70788691 | M226: 0.70887453 | N226: 0.70889364 | O226: 0.70803461 | P226: 0.70965004 | Q226: 0.70909283 | S226: 0.70915336 | T226: 0.71012135 | U226: 0.7089717 | V226: 0.70846525 | W226: 0.70743725 | X226: 0.70877375 | Y226: 0.70950248 | Z226: 0.70940129 | AA226: 0.70898096 | AB226: 0.70887226 | AC226: 0.70797709
A227: 226 | B227: 0.71005803 | C227: 0.70941303 | D227: 0.70863561 | E227: 0.70864254 | F227: 0.70972832 | G227: 0.70779232 | H227: 0.7082539 | I227: 0.70742232 | K227: 0.70914007 | L227: 0.70831758 | M227: 0.7087688 | N227: 0.70868189 | O227: 0.70884288 | P227: 0.70948568 | Q227: 0.70914279 | S227: 0.7091879 | T227: 0.71526973 | U227: 0.70879042 | V227: 0.70972637 | W227: 0.70713342 | X227: 0.70896552 | Y227: 0.70938622 | Z227: 0.70931732 | AA227: 0.70923825 | AB227: 0.70926998 | AC227: 0.70871415
A228: 227 | B228: 0.70996397 | C228: 0.70947923 | D228: 0.70875597 | E228: 0.70894476 | F228: 0.70926608 | G228: 0.70679283 | H228: 0.70864 | I228: 0.70832066 | K228: 0.70886028 | L228: 0.70765748 | M228: 0.7078013 | N228: 0.70934007 | O228: 0.70949912 | P228: 0.70891026 | Q228: 0.70894103 | S228: 0.70872991 | T228: 0.71012815 | U228: 0.70779092 | V228: 0.70846035 | W228: 0.70760697 | X228: 0.70900477 | Y228: 0.70984267 | Z228: 0.70943352 | AA228: 0.70851447 | AB228: 0.70840136 | AC228: 0.709234
A229: 228 | B229: 0.71008081 | C229: 0.70916828 | D229: 0.70841485 | E229: 0.70894333 | F229: 0.7100888 | G229: 0.70682525 | H229: 0.70859898 | I229: 0.7064639 | K229: 0.7081704 | L229: 0.70784426 | M229: 0.70925063 | N229: 0.70881205 | O229: 0.70879525 | P229: 0.71070579 | Q229: 0.70881923 | S229: 0.70860021 | T229: 0.70277004 | U229: 0.70945581 | V229: 0.7091849 | W229: 0.70723074 | X229: 0.70927753 | Y229: 0.709048 | Z229: 0.70905245 | AA229: 0.70895216 | AB229: 0.70934924 | AC229: 0.7083598
A230: 229 | B230: 0.70959205 | C230: 0.70883897 | D230: 0.70890736 | E230: 0.70850324 | F230: 0.70828903 | G230: 0.70735078 | H230: 0.70899317 | I230: 0.70887184 | K230: 0.7095286 | L230: 0.70805192 | M230: 0.70880728 | N230: 0.70808315 | O230: 0.70859741 | P230: 0.7094052 | Q230: 0.70875565 | S230: 0.70952416 | T230: 0.70404538 | U230: 0.7086558 | V230: 0.708857 | W230: 0.70906596 | X230: 0.70857913 | Y230: 0.70866328 | Z230: 0.70896498 | AA230: 0.70918197 | AB230: 0.70907925 | AC230: 0.70828283
A231: 230 | B231: 0.71099638 | C231: 0.70862106 | D231: 0.70886782 | E231: 0.70850552 | F231: 0.70981214 | G231: 0.70713359 | H231: 0.70891138 | I231: 0.70719503 | K231: 0.70823469 | L231: 0.70878064 | M231: 0.70922812 | N231: 0.70859568 | O231: 0.70872556 | P231: 0.70904147 | Q231: 0.70854869 | S231: 0.70922418 | T231: 0.70957581 | U231: 0.70888276 | V231: 0.70958047 | W231: 0.70447339 | X231: 0.70939545 | Y231: 0.70918382 | Z231: 0.70881319 | AA231: 0.7084393 | AB231: 0.70894599 | AC231: 0.70873235
A232: 231 | B232: 0.70960718 | C232: 0.70833258 | D232: 0.70900418 | E232: 0.70899641 | F232: 0.7103223 | G232: 0.70749583 | H232: 0.70889548 | I232: 0.70803554 | K232: 0.70909863 | L232: 0.70804226 | M232: 0.70863608 | N232: 0.70980755 | O232: 0.70845222 | P232: 0.70778701 | Q232: 0.70962928 | S232: 0.70898727 | T232: 0.70348807 | U232: 0.70916289 | V232: 0.70913266 | W232: 0.70838274 | X232: 0.70847147 | Y232: 0.70969711 | Z232: 0.7090522 | AA232: 0.70922039 | AB232: 0.70944746 | AC232: 0.70842203
A233: 232 | B233: 0.70963099 | C233: 0.70845673 | D233: 0.70965745 | E233: 0.70913068 | F233: 0.71025815 | G233: 0.7074524 | H233: 0.70841858 | I233: 0.70995357 | K233: 0.70883609 | L233: 0.7077815 | M233: 0.70952875 | N233: 0.70896359 | O233: 0.70991449 | P233: 0.70919348 | Q233: 0.71003896 | S233: 0.70967446 | T233: 0.70837945 | U233: 0.70905595 | V233: 0.70897504 | W233: 0.70860285 | X233: 0.7091098 | Y233: 0.70866072 | Z233: 0.70939786 | AA233: 0.70937465 | AB233: 0.70863046 | AC233: 0.70888092
... A240: 239 | B240: 0.7107502 | C240: 0.70918758 | D240: 0.70819992 | E240: 0.70936522 | F240: 0.71098064 | G240: 0.70767733 | H240: 0.70884064 | I240: 0.70943359 | K240: 0.70873584 | L240: 0.70903305 | M240: 0.70944922 | N240: 0.70897013 | O240: 0.70910016 | P240: 0.7093751 | Q240: 0.70970284 | S240: 0.70914074 | T240: 0.71151683 | U240: 0.70874662 | V240: 0.70901998 | W240: 0.70898625 | X240: 0.70950262 | Y240: 0.70922893 | Z240: 0.70872507 | AA240: 0.70964721 | AB240: 0.70934832 | AC240: 0.70886526
A241: 240 | B241: 0.70989345 | C241: 0.70837356 | D241: 0.70861827 | E241: 0.70940261 | G241: 0.70672844 | H241: 0.70786856 | I241: 0.70898284 | K241: 0.70914608 | L241: 0.70722875 | M241: 0.71038194 | N241: 0.70895913 | O241: 0.70895493 | P241: 0.70902731 | Q241: 0.70963665 | S241: 0.70959063 | T241: 0.7128684 | U241: 0.70878665 | V241: 0.7089139 | W241: 0.70811411 | X241: 0.70935313 | Y241: 0.70948047 | Z241: 0.70780344 | AA241: 0.70907889 | AB241: 0.70851426 | AC241: 0.70851225
A242: 241 | B242: 0.7114204 | C242: 0.7096336 | D242: 0.71053017 | E242: 0.70971702 | G242: 0.70752356 | H242: 0.70901928 | I242: 0.70754242 | K242: 0.70921337 | L242: 0.70948793 | M242: 0.70876741 | N242: 0.70943598 | O242: 0.70887902 | P242: 0.70891158 | Q242: 0.70856314 | S242: 0.7100813 | T242: 0.70241527 | U242: 0.71111319 | V242: 0.70878268 | W242: 0.70820689 | X242: 0.7094243 | Y242: 0.70930214 | Z242: 0.70823562 | AA242: 0.70882694 | AB242: 0.70970693 | AC242: 0.70870723
A243: 242 | B243: 0.70987534 | C243: 0.70934071 | D243: 0.70917284 | E243: 0.71015713 | G243: 0.70735667 | H243: 0.70986338 | I243: 0.7086994 | K243: 0.7088384 | L243: 0.70815146 | M243: 0.70887875 | N243: 0.70918804 | O243: 0.70819038 | P243: 0.70965978 | Q243: 0.70836459 | S243: 0.70874649 | T243: 0.70670439 | U243: 0.7088373 | V243: 0.70906079 | W243: 0.70896465 | X243: 0.70904712 | Y243: 0.70909976 | Z243: 0.70896864 | AA243: 0.70942361 | AB243: 0.70921517 | AC243: 0.70889895
A244: 243 | B244: 0.7110234 | C244: 0.70881629 | D244: 0.70896785 | E244: 0.7090445 | G244: 0.70801394 | H244: 0.70872897 | I244: 0.70942869 | K244: 0.70927329 | L244: 0.70789029 | M244: 0.70903776 | N244: 0.70899627 | O244: 0.70941732 | P244: 0.7096676 | Q244: 0.70971552 | S244: 0.70978151 | T244: 0.7118633 | U244: 0.70955334 | V244: 0.708646 | W244: 0.70861715 | X244: 0.70901786 | Y244: 0.70898266 | Z244: 0.70955333 | AA244: 0.70900558 | AB244: 0.70874314 | AC244: 0.70938349
A245: 244 | B245: 0.71071384 | C245: 0.70843197 | D245: 0.70954262 | E245: 0.70988486 | G245: 0.70664933 | H245: 0.70903492 | I245: 0.70819749 | K245: 0.70898114 | L245: 0.70781001 | M245: 0.70898845 | N245: 0.70993925 | O245: 0.70895162 | P245: 0.70890167 | Q245: 0.70888475 | S245: 0.70910458 | T245: 0.70930313 | U245: 0.70903767 | V245: 0.70950667 | W245: 0.70900826 | X245: 0.70933084 | Y245: 0.70915501 | Z245: 0.70888948 | AA245: 0.70959147 | AB245: 0.70990864 | AC245: 0.7081996
A246: 245 | B246: 0.70918466 | C246: 0.70900556 | D246: 0.70939686 | E246: 0.7094829 | G246: 0.70644763 | H246: 0.7083303 | I246: 0.7091355 | K246: 0.70924153 | L246: 0.70886578 | M246: 0.70976812 | N246: 0.70967651 | O246: 0.70892338 | P246: 0.70919285 | Q246: 0.70936575 | S246: 0.70890819 | T246: 0.70696289 | U246: 0.70905388 | V246: 0.70939299 | W246: 0.70915659 | X246: 0.70859688 | Y246: 0.70911781 | Z246: 0.7094091 | AA246: 0.70912003 | AB246: 0.70881275 | AC246: 0.70847641
A247: 246 | B247: 0.71041733 | C247: 0.70992501 | D247: 0.70943236 | E247: 0.70988739 | G247: 0.70716406 | H247: 0.7091722 | I247: 0.70590862 | K247: 0.7092379 | L247: 0.70821735 | M247: 0.70906872 | N247: 0.70993345 | O247: 0.70954617 | P247: 0.70864123 | Q247: 0.70885546 | S247: 0.70993096 | T247: 0.70845305 | U247: 0.70823147 | V247: 0.70935648 | W247: 0.70921093 | X247: 0.70945564 | Y247: 0.70936626 | Z247: 0.70879367 | AA247: 0.70866799 | AB247: 0.70858744 | AC247: 0.70933249
A248: 247 | B248: 0.71092234 | C248: 0.70936784 | D248: 0.70936648 | E248: 0.70887235 | G248: 0.70714201 | H248: 0.70949402 | I248: 0.70985398 | K248: 0.70895922 | L248: 0.70863509 | M248: 0.70849362 | N248: 0.70890851 | O248: 0.70864121 | P248: 0.7092315 | Q248: 0.7091674 | S248: 0.70901837 | T248: 0.71347818 | U248: 0.70873679 | V248: 0.70945622 | W248: 0.70945304 | X248: 0.70897 | Y248: 0.70888473 | Z248: 0.70933702 | AA248: 0.70891843 | AB248: 0.70993308 | AC248: 0.7087992
A249: 248 | B249: 0.71143165 | C249: 0.70939301 | D249: 0.70930431 | E249: 0.70985762 | G249: 0.7079934 | H249: 0.7079547 | I249: 0.70604119 | K249: 0.70882262 | L249: 0.71019204 | M249: 0.70769729 | N249: 0.70959413 | O249: 0.70878232 | P249: 0.70976947 | Q249: 0.70895105 | S249: 0.70959338 | T249: 0.71303226 | U249: 0.70864406 | V249: 0.70887883 | W249: 0.70921013 | X249: 0.70890959 | Y249: 0.70906194 | Z249: 0.70939318 | AA249: 0.7087432 | AB249: 0.70948641 | AC249: 0.70934934
A250: 249 | B250: 0.71049019 | C250: 0.70961356 | D250: 0.70951499 | E250: 0.70953579 | G250: 0.70815313 | H250: 0.70963343 | I250: 0.70667024 | K250: 0.70857354 | L250: 0.70884267 | M250: 0.70860797 | N250: 0.7095383 | O250: 0.70900702 | P250: 0.71014909 | Q250: 0.7092197 | S250: 0.70924051 | T250: 0.70627292 | U250: 0.70882795 | V250: 0.70898438 | W250: 0.70977311 | X250: 0.70964516 | Y250: 0.70913563 | Z250: 0.70892306 | AA250: 0.70990078 | AB250: 0.7090159 | AC250: 0.70883702
A251: 250 | B251: 0.7113476 | C251: 0.70989723 | D251: 0.70886818 | E251: 0.70991383 | G251: 0.70779305 | H251: 0.70902903 | I251: 0.71094916 | K251: 0.70928286 | L251: 0.70873191 | M251: 0.7094431 | N251: 0.70876665 | O251: 0.70856843 | P251: 0.70919605 | Q251: 0.70864193 | S251: 0.7089534 | T251: 0.70556951 | U251: 0.70881852 | V251: 0.70912201 | W251: 0.70866879 | X251: 0.70910358 | Y251: 0.7088214 | Z251: 0.70919978 | AA251: 0.7087004 | AB251: 0.70907912 | AC251: 0.70885093
A252: 251 | B252: 0.71115399 | C252: 0.7094979 | D252: 0.70922639 | E252: 0.71077032 | G252: 0.70621849 | H252: 0.70940746 | I252: 0.70556947 | K252: 0.70915412 | L252: 0.70866149 | M252: 0.7088134 | N252: 0.70921475 | O252: 0.70900916 | P252: 0.70786701 | Q252: 0.70909725 | S252: 0.70909993 | T252: 0.71130516 | U252: 0.70944029 | V252: 0.70908523 | W252: 0.70869633 | X252: 0.70933111 | Y252: 0.70889167 | Z252: 0.70844042 | AA252: 0.70911282 | AB252: 0.70916261 | AC252: 0.70971704
... A270: 269 | B270: 0.71014304 | C270: 0.70978853 | D270: 0.71066703 | E270: 0.71019407 | G270: 0.70902859 | H270: 0.70908955 | I270: 0.70744246 | K270: 0.70901186 | L270: 0.70926774 | M270: 0.70891822 | N270: 0.70953994 | O270: 0.70864475 | P270: 0.70845525 | Q270: 0.70898071 | S270: 0.70955737 | T270: 0.71278563 | U270: 0.70872711 | V270: 0.70960179 | W270: 0.70731928 | X270: 0.70881707 | Y270: 0.70921162 | Z270: 0.70790089 | AA270: 0.70952027 | AB270: 0.70642383 | AC270: 0.7090548
A271: 270 | B271: 0.70958116 | C271: 0.70902849 | D271: 0.70935451 | E271: 0.709173 | G271: 0.70888935 | H271: 0.70975244 | I271: 0.70773741 | K271: 0.7093373 | L271: 0.70861625 | M271: 0.70809687 | N271: 0.70872831 | O271: 0.70903671 | P271: 0.70746951 | Q271: 0.70885878 | S271: 0.70973915 | T271: 0.7101519 | U271: 0.70865883 | V271: 0.70868977 | W271: 0.70839137 | X271: 0.70884963 | Y271: 0.70908376 | Z271: 0.70954509 | AA271: 0.70853723 | AC271: 0.70876271
A272: 271 | B272: 0.71350861 | C272: 0.70997372 | D272: 0.70984817 | E272: 0.70969781 | G272: 0.7098457 | H272: 0.70896227 | I272: 0.70984726 | K272: 0.70940198 | L272: 0.70925555 | M272: 0.70938716 | N272: 0.70878318 | O272: 0.70899159 | P272: 0.7091845 | Q272: 0.70907991 | S272: 0.71024571 | T272: 0.70975815 | U272: 0.70849829 | V272: 0.70927054 | W272: 0.70902974 | X272: 0.70890074 | Y272: 0.70899643 | Z272: 0.70909488 | AA272: 0.70934071 | AC272: 0.70962287
A273: 272 | B273: 0.71348618 | C273: 0.70947442 | D273: 0.7098676 | E273: 0.7098134 | G273: 0.70830812 | H273: 0.70935216 | I273: 0.70914465 | K273: 0.71028397 | L273: 0.70915893 | M273: 0.70882839 | N273: 0.70947672 | O273: 0.70890579 | P273: 0.71008525 | Q273: 0.70969342 | S273: 0.70906878 | T273: 0.70579901 | U273: 0.70881287 | V273: 0.70941655 | W273: 0.70876395 | X273: 0.70942099 | Y273: 0.70944531 | Z273: 0.70917882 | AA273: 0.70864279 | AC273: 0.70853402
A274: 273 | B274: 0.72079018 | C274: 0.70997056 | D274: 0.70960635 | E274: 0.70928868 | G274: 0.7085268 | H274: 0.7097512 | I274: 0.70984217 | K274: 0.70909205 | L274: 0.70841117 | M274: 0.70870325 | N274: 0.70939066 | O274: 0.70942478 | P274: 0.70902634 | Q274: 0.70882508 | S274: 0.70930044 | T274: 0.71935111 | U274: 0.7091907 | V274: 0.70840921 | W274: 0.70934151 | X274: 0.70917794 | Y274: 0.70937693 | Z274: 0.70908848 | AA274: 0.709395 | AC274: 0.70913559
A275: 274 | B275: 0.71467336 | C275: 0.70993831 | D275: 0.70994503 | E275: 0.70988916 | G275: 0.70902373 | H275: 0.70963 | I275: 0.7092468 | K275: 0.70877686 | L275: 0.70942578 | M275: 0.70968275 | N275: 0.70913586 | O275: 0.70893955 | P275: 0.70934835 | Q275: 0.709101 | S275: 0.70904038 | T275: 0.70840709 | U275: 0.70952677 | V275: 0.70961715 | W275: 0.70964284 | X275: 0.7090404 | Y275: 0.70894178 | Z275: 0.70939771 | AA275: 0.70843642 | AC275: 0.70927954
A276: 275 | B276: 0.71405964 | C276: 0.70985537 | D276: 0.71025461 | E276: 0.70983609 | G276: 0.70890777 | H276: 0.70902795 | I276: 0.7105315 | K276: 0.70900764 | L276: 0.70912572 | M276: 0.70866067 | N276: 0.70947309 | O276: 0.70920739 | P276: 0.7089213 | Q276: 0.70901684 | S276: 0.7095532 | T276: 0.71148667 | U276: 0.70935254 | V276: 0.70936723 | W276: 0.70941244 | X276: 0.70934108 | Y276: 0.70983377 | Z276: 0.70880802 | AA276: 0.70962067 | AC276: 0.70969221
A277: 276 | B277: 0.71702995 | C277: 0.70913796 | D277: 0.70943956 | E277: 0.70945936 | G277: 0.7091514 | H277: 0.709586 | I277: 0.708387 | K277: 0.70962969 | L277: 0.70920531 | M277: 0.70930703 | N277: 0.70868044 | O277: 0.70927953 | P277: 0.7091374 | Q277: 0.70936957 | S277: 0.70925189 | T277: 0.71227278 | U277: 0.70970617 | V277: 0.7093252 | W277: 0.70863492 | X277: 0.70883366 | Y277: 0.70910002 | Z277: 0.70936325 | AA277: 0.70981234 | AC277: 0.70908062
A278: 277 | B278: 0.71153482 | C278: 0.70975319 | D278: 0.70973034 | E278: 0.70998078 | G278: 0.70869154 | H278: 0.71002125 | I278: 0.70835184 | K278: 0.70968871 | L278: 0.70831513 | M278: 0.70902825 | N278: 0.70935398 | O278: 0.70870496 | P278: 0.70952943 | Q278: 0.70837544 | S278: 0.70982378 | T278: 0.7032812 | U278: 0.70873136 | V278: 0.70842617 | W278: 0.70911397 | X278: 0.70868038 | Y278: 0.70978115 | Z278: 0.70907663 | AA278: 0.70927619 | AC278: 0.70971832
A279: 278 | B279: 0.71261382 | C279: 0.7103889 | D279: 0.70905556 | E279: 0.70959355 | G279: 0.70897351 | H279: 0.70877256 | I279: 0.7064245 | K279: 0.70852187 | L279: 0.70963573 | M279: 0.70914268 | N279: 0.7088335 | O279: 0.71071682 | P279: 0.70926325 | Q279: 0.70963059 | S279: 0.70942623 | T279: 0.71395015 | U279: 0.7080849 | V279: 0.71008372 | W279: 0.7085811 | X279: 0.71012575 | Y279: 0.70850139 | Z279: 0.70893691 | AA279: 0.70930725 | AC279: 0.70871644
A280: 279 | B280: 0.71559492 | C280: 0.70982885 | D280: 0.70917081 | E280: 0.70947663 | G280: 0.71065723 | H280: 0.70900316 | I280: 0.71033718 | K280: 0.70982336 | L280: 0.70892249 | M280: 0.70868503 | N280: 0.70980587 | O280: 0.70869482 | P280: 0.70861859 | Q280: 0.70893416 | S280: 0.70953467 | T280: 0.70792608 | U280: 0.70946537 | V280: 0.70970379 | W280: 0.70860158 | X280: 0.70912164 | Y280: 0.70936441 | Z280: 0.70891432 | AA280: 0.70901274 | AC280: 0.70904959
A281: 280 | B281: 0.71125325 | C281: 0.71069694 | D281: 0.70909233 | E281: 0.70947309 | G281: 0.70962659 | H281: 0.70802003 | I281: 0.70774976 | K281: 0.71082133 | L281: 0.7097162 | M281: 0.70951463 | N281: 0.70953122 | O281: 0.70872184 | P281: 0.7094342 | Q281: 0.70986582 | S281: 0.70906957 | T281: 0.70215991 | U281: 0.71046072 | V281: 0.70844001 | W281: 0.70922776 | X281: 0.70876007 | Y281: 0.71025943 | Z281: 0.70903772 | AA281: 0.70927247 | AC281: 0.70863805
A282: 281 | B282: 0.71351193 | C282: 0.70999634 | D282: 0.7101204 | E282: 0.70981786 | G282: 0.70926354 | H282: 0.70974596 | I282: 0.70792898 | K282: 0.7073276 | L282: 0.70965509 | M282: 0.7097051 | N282: 0.70935419 | O282: 0.70889324 | P282: 0.70967795 | Q282: 0.70931625 | S282: 0.70917504 | T282: 0.71210443 | U282: 0.7072058 | V282: 0.71018881 | W282: 0.70916715 | X282: 0.70914287 | Y282: 0.70927293 | Z282: 0.70949747 | AA282: 0.7090994 | AC282: 0.70886744
... A284: 283 | B284: 0.71263511 | C284: 0.71003065 | D284: 0.70974011 | E284: 0.70876348 | G284: 0.70914029 | H284: 0.70889722 | I284: 0.71368835 | K284: 0.71056983 | L284: 0.70909422 | M284: 0.70953552 | N284: 0.70941331 | O284: 0.70874422 | P284: 0.70909628 | Q284: 0.70980289 | S284: 0.70887649 | T284: 0.69983363 | U284: 0.70859829 | V284: 0.70914559 | W284: 0.70928651 | X284: 0.70860363 | Y284: 0.71111588 | Z284: 0.70956815 | AA284: 0.70896067 | AC284: 0.70865512
A285: 284 | B285: 0.71363609 | C285: 0.71108053 | D285: 0.7097983 | E285: 0.7100304 | G285: 0.70897684 | H285: 0.70918466 | K285: 0.70804454 | L285: 0.70901227 | M285: 0.70899837 | N285: 0.71004316 | O285: 0.70906554 | P285: 0.70971275 | Q285: 0.70895037 | S285: 0.70923254 | T285: 0.71426541 | U285: 0.71030029 | V285: 0.71056588 | W285: 0.70854459 | X285: 0.70912663 | Y285: 0.70913222 | Z285: 0.7086579 | AA285: 0.70885347 | AC285: 0.72221219
A286: 285 | B286: 0.71120941 | C286: 0.71021242 | D286: 0.71014736 | E286: 0.70964939 | G286: 0.70932651 | H286: 0.70971264 | K286: 0.71033545 | L286: 0.70874891 | M286: 0.7087254 | N286: 0.70870695 | O286: 0.70943522 | P286: 0.70934372 | Q286: 0.70891681 | S286: 0.70927333 | T286: 0.67102412 | U286: 0.71047236 | V286: 0.70729673 | W286: 0.70921117 | X286: 0.70928635 | Y286: 0.70806069 | Z286: 0.70912489 | AA286: 0.70937366 | AC286: 0.71128867
A287: 286 | B287: 0.71030536 | C287: 0.70980569 | D287: 0.71051882 | E287: 0.7102082 | G287: 0.70841177 | H287: 0.70879668 | K287: 0.70561952 | L287: 0.70976922 | M287: 0.70870712 | N287: 0.70944776 | O287: 0.70845368 | P287: 0.70919618 | Q287: 0.70946805 | S287: 0.70882258 | T287: 0.70557449 | U287: 0.70515928 | V287: 0.70211802 | W287: 0.70924331 | X287: 0.70889985 | Y287: 0.71081322 | Z287: 0.70924793 | AA287: 0.70891081 | AC287: 0.70885079
A288: 287 | B288: 0.71347058 | C288: 0.70970288 | D288: 0.70912431 | E288: 0.7099071 | G288: 0.70939553 | H288: 0.70933543 | K288: 0.70610622 | L288: 0.70916879 | M288: 0.70859058 | N288: 0.70881925 | O288: 0.70960597 | P288: 0.70804479 | Q288: 0.70927139 | S288: 0.70938905 | T288: 0.71082991 | U288: 0.70611661 | V288: 0.70480322 | W288: 0.70953031 | X288: 0.70938531 | Y288: 0.70996364 | Z288: 0.70838268 | AA288: 0.70896007 | AC288: 0.70970712
A289: 288 | B289: 0.71591165 | C289: 0.70941021 | D289: 0.71009433 | E289: 0.70950255 | G289: 0.70889261 | H289: 0.70718577 | K289: 0.71043586 | L289: 0.70909454 | M289: 0.70918127 | N289: 0.70905975 | O289: 0.70924831 | P289: 0.70861836 | Q289: 0.70878738 | S289: 0.70950081 | T289: 0.70776938 | U289: 0.70526657 | V289: 0.70779012 | W289: 0.70891991 | X289: 0.70970802 | Y289: 0.70716736 | Z289: 0.70910277 | AA289: 0.7090896 | AC289: 0.70777033
A290: 289 | B290: 0.71248974 | C290: 0.70968845 | D290: 0.71105829 | E290: 0.70979335 | G290: 0.70911246 | H290: 0.70998179 | K290: 0.71000586 | L290: 0.70934269 | M290: 0.70931102 | N290: 0.70933626 | O290: 0.70959864 | P290: 0.70924742 | Q290: 0.70955437 | S290: 0.70984148 | T290: 0.70918497 | U290: 0.70331802 | V290: 0.70380237 | W290: 0.70899683 | X290: 0.70909188 | Y290: 0.70945543 | Z290: 0.70941615 | AA290: 0.70973158 | AC290: 0.71001632
A291: 290 | B291: 0.71434829 | C291: 0.7096184 | D291: 0.71000919 | E291: 0.70974128 | G291: 0.7092748 | H291: 0.70884033 | K291: 0.70365672 | L291: 0.70868351 | M291: 0.70937629 | N291: 0.70910264 | O291: 0.70982255 | P291: 0.70946318 | Q291: 0.70876393 | S291: 0.70869744 | T291: 0.71010427 | U291: 0.70047264 | W291: 0.70884662 | X291: 0.70965599 | Y291: 0.70997775 | Z291: 0.70909948 | AA291: 0.70927354 | AC291: 0.70710647
A292: 291 | B292: 0.71426968 | C292: 0.70994269 | D292: 0.70935795 | E292: 0.71005381 | G292: 0.70869259 | H292: 0.70795311 | K292: 0.70867017 | L292: 0.70848295 | M292: 0.70919706 | N292: 0.70854695 | O292: 0.70853465 | P292: 0.7088303 | Q292: 0.70934802 | S292: 0.70906606 | T292: 0.70896296 | U292: 0.70509433 | W292: 0.70977197 | X292: 0.70875031 | Y292: 0.70977085 | Z292: 0.70958713 | AA292: 0.70945137 | AC292: 0.70984468
A293: 292 | B293: 0.71327789 | C293: 0.70899235 | D293: 0.70968931 | E293: 0.70993042 | G293: 0.70888965 | H293: 0.70923448 | K293: 0.70478842 | L293: 0.71012524 | M293: 0.70881389 | N293: 0.70932422 | O293: 0.70963194 | P293: 0.70813314 | Q293: 0.71007737 | S293: 0.70957705 | T293: 0.71157494 | U293: 0.71174387 | W293: 0.70890217 | X293: 0.70921822 | Y293: 0.70947571 | Z293: 0.7087818 | AA293: 0.70941692 | AC293: 0.70859546
A294: 293 | B294: 0.71526537 | C294: 0.70898239 | D294: 0.70968772 | E294: 0.70923861 | G294: 0.70922119 | H294: 0.71093073 | K294: 0.70479035 | L294: 0.70775047 | M294: 0.70906529 | N294: 0.70894815 | O294: 0.70865653 | P294: 0.70896537 | Q294: 0.70904379 | S294: 0.70863208 | T294: 0.70928258 | U294: 0.70206714 | W294: 0.70854808 | X294: 0.70977698 | Y294: 0.70979309 | Z294: 0.70969812 | AA294: 0.70991078 | AC294: 0.70800462
...

Sheet 7 Point Average
A1: Measurement Number | B1: ='Raw Data'!B1 -> HART-14 | C1: ='Raw Data'!C1 -> HART-15 | D1: ='Raw Data'!D1 -> HART-13 | E1: ='Raw Data'!E1 -> HART-12 | F1: ='Raw Data'!F1 -> HART-16 | G1: ='Raw Data'!G1 -> HART-17 | H1: ='Raw Data'!H1 -> HART-18 | I1: ='Raw Data'!I1 -> HART-19 | ... BF1: ='Raw Data'!BF1 -> 0
A2: ='Raw Data'!A2 -> 1 | B2: =AVERAGE('Raw Data'!C2:C8) -> #DIV/0! | C2: =AVERAGE('Raw Data'!D2:D8) -> 0.71353405 | D2: =AVERAGE('Raw Data'!E2:E8) -> 0.73826105 | E2: =AVERAGE('Raw Data'!F2:F8) -> #DIV/0! | F2: =AVERAGE('Raw Data'!G2:G8) -> 0.70971666 | G2: =AVERAGE('Raw Data'!H2:H8) -> 0.7097778 | H2: =AVERAGE('Raw Data'!I2:I8) -> 0.70952792 | I2: =AVERAGE('Raw Data'!J2:J8) -> 0.70894951 | ... BB2: =AVERAGE('Raw Data'!BC2:BC8) -> #DIV/0! | BC2: =AVERAGE('Raw Data'!AW2:AW8) -> #DIV/0! | BD2: =AVERAGE('Raw Data'!AX2:AX8) -> #DIV/0! | BE2: =AVERAGE('Raw Data'!AY2:AY8) -> #DIV/0! | BF2: =AVERAGE('Raw Data'!AZ2:AZ8) -> #DIV/0!
A3: ='Raw Data'!A3 -> 2 | B3: =AVERAGE('Raw Data'!C3:C9) -> #DIV/0! | C3: =AVERAGE('Raw Data'!D3:D9) -> 0.71316 | D3: =AVERAGE('Raw Data'!E3:E9) -> 0.73332538 | E3: =AVERAGE('Raw Data'!F3:F9) -> #DIV/0! | F3: =AVERAGE('Raw Data'!G3:G9) -> 0.70948449 | G3: =AVERAGE('Raw Data'!H3:H9) -> 0.71011821 | H3: =AVERAGE('Raw Data'!I3:I9) -> 0.70904078 | I3: =AVERAGE('Raw Data'!J3:J9) -> 0.70899572 | ... BB3: =AVERAGE('Raw Data'!BC3:BC9) -> #DIV/0! | BC3: =AVERAGE('Raw Data'!AW3:AW9) -> #DIV/0! | BD3: =AVERAGE('Raw Data'!AX3:AX9) -> #DIV/0! | BE3: =AVERAGE('Raw Data'!AY3:AY9) -> #DIV/0! | BF3: =AVERAGE('Raw Data'!AZ3:AZ9) -> #DIV/0!
A4: ='Raw Data'!A4 -> 3 | B4: =AVERAGE('Raw Data'!C4:C10) -> #DIV/0! | C4: =AVERAGE('Raw Data'!D4:D10) -> 0.71292261 | D4: =AVERAGE('Raw Data'!E4:E10) -> 0.72887927 | E4: =AVERAGE('Raw Data'!F4:F10) -> #DIV/0! | F4: =AVERAGE('Raw Data'!G4:G10) -> 0.70944753 | G4: =AVERAGE('Raw Data'!H4:H10) -> 0.70998232 | H4: =AVERAGE('Raw Data'!I4:I10) -> 0.70947459 | I4: =AVERAGE('Raw Data'!J4:J10) -> 0.70947721 | ... BB4: =AVERAGE('Raw Data'!BC4:BC10) -> #DIV/0! | BC4: =AVERAGE('Raw Data'!AW4:AW10) -> #DIV/0! | BD4: =AVERAGE('Raw Data'!AX4:AX10) -> #DIV/0! | BE4: =AVERAGE('Raw Data'!AY4:AY10) -> #DIV/0! | BF4: =AVERAGE('Raw Data'!AZ4:AZ10) -> #DIV/0!
A5: ='Raw Data'!A5 -> 4 | B5: =AVERAGE('Raw Data'!C5:C11) -> #DIV/0! | C5: =AVERAGE('Raw Data'!D5:D11) -> 0.71244677 | D5: =AVERAGE('Raw Data'!E5:E11) -> 0.72673846 | E5: =AVERAGE('Raw Data'!F5:F11) -> #DIV/0! | F5: =AVERAGE('Raw Data'!G5:G11) -> 0.70978428 | G5: =AVERAGE('Raw Data'!H5:H11) -> 0.70911758 | H5: =AVERAGE('Raw Data'!I5:I11) -> 0.71014421 | I5: =AVERAGE('Raw Data'!J5:J11) -> 0.70934112 | ... BB5: =AVERAGE('Raw Data'!BC5:BC11) -> #DIV/0! | BC5: =AVERAGE('Raw Data'!AW5:AW11) -> #DIV/0! | BD5: =AVERAGE('Raw Data'!AX5:AX11) -> #DIV/0! | BE5: =AVERAGE('Raw Data'!AY5:AY11) -> #DIV/0! | BF5: =AVERAGE('Raw Data'!AZ5:AZ11) -> #DIV/0!
A6: ='Raw Data'!A6 -> 5 | B6: =AVERAGE('Raw Data'!C6:C12) -> #DIV/0! | C6: =AVERAGE('Raw Data'!D6:D12) -> 0.71205572 | D6: =AVERAGE('Raw Data'!E6:E12) -> 0.72542187 | E6: =AVERAGE('Raw Data'!F6:F12) -> #DIV/0! | F6: =AVERAGE('Raw Data'!G6:G12) -> 0.71008453 | G6: =AVERAGE('Raw Data'!H6:H12) -> 0.70914301 | H6: =AVERAGE('Raw Data'!I6:I12) -> 0.70965781 | I6: =AVERAGE('Raw Data'!J6:J12) -> 0.70926484 | ... BB6: =AVERAGE('Raw Data'!BC6:BC12) -> #DIV/0! | BC6: =AVERAGE('Raw Data'!AW6:AW12) -> #DIV/0! | BD6: =AVERAGE('Raw Data'!AX6:AX12) -> #DIV/0! | BE6: =AVERAGE('Raw Data'!AY6:AY12) -> #DIV/0! | BF6: =AVERAGE('Raw Data'!AZ6:AZ12) -> #DIV/0!
A7: ='Raw Data'!A7 -> 6 | B7: =AVERAGE('Raw Data'!C7:C13) -> #DIV/0! | C7: =AVERAGE('Raw Data'!D7:D13) -> 0.71162461 | D7: =AVERAGE('Raw Data'!E7:E13) -> 0.7239783 | E7: =AVERAGE('Raw Data'!F7:F13) -> 0.71032361 | F7: =AVERAGE('Raw Data'!G7:G13) -> 0.71044886 | G7: =AVERAGE('Raw Data'!H7:H13) -> 0.70897426 | H7: =AVERAGE('Raw Data'!I7:I13) -> 0.70841695 | I7: =AVERAGE('Raw Data'!J7:J13) -> 0.70935934 | ... BB7: =AVERAGE('Raw Data'!BC7:BC13) -> #DIV/0! | BC7: =AVERAGE('Raw Data'!AW7:AW13) -> #DIV/0! | BD7: =AVERAGE('Raw Data'!AX7:AX13) -> #DIV/0! | BE7: =AVERAGE('Raw Data'!AY7:AY13) -> #DIV/0! | BF7: =AVERAGE('Raw Data'!AZ7:AZ13) -> #DIV/0!
A8: ='Raw Data'!A8 -> 7 | B8: =AVERAGE('Raw Data'!C8:C14) -> #DIV/0! | C8: =AVERAGE('Raw Data'!D8:D14) -> 0.71136448 | D8: =AVERAGE('Raw Data'!E8:E14) -> 0.72327071 | E8: =AVERAGE('Raw Data'!F8:F14) -> 0.71053412 | F8: =AVERAGE('Raw Data'!G8:G14) -> 0.7103125 | G8: =AVERAGE('Raw Data'!H8:H14) -> 0.70908135 | H8: =AVERAGE('Raw Data'!I8:I14) -> 0.70834366 | I8: =AVERAGE('Raw Data'!J8:J14) -> 0.70920438 | ... BB8: =AVERAGE('Raw Data'!BC8:BC14) -> #DIV/0! | BC8: =AVERAGE('Raw Data'!AW8:AW14) -> #DIV/0! | BD8: =AVERAGE('Raw Data'!AX8:AX14) -> #DIV/0! | BE8: =AVERAGE('Raw Data'!AY8:AY14) -> #DIV/0! | BF8: =AVERAGE('Raw Data'!AZ8:AZ14) -> #DIV/0!
A9: ='Raw Data'!A9 -> 8 | B9: =AVERAGE('Raw Data'!C9:C15) -> #DIV/0! | C9: =AVERAGE('Raw Data'!D9:D15) -> 0.71117082 | D9: =AVERAGE('Raw Data'!E9:E15) -> 0.72142808 | E9: =AVERAGE('Raw Data'!F9:F15) -> 0.7105124 | F9: =AVERAGE('Raw Data'!G9:G15) -> 0.71016143 | G9: =AVERAGE('Raw Data'!H9:H15) -> 0.70924006 | H9: =AVERAGE('Raw Data'!I9:I15) -> 0.70772491 | I9: =AVERAGE('Raw Data'!J9:J15) -> 0.70913832 | ... BB9: =AVERAGE('Raw Data'!BC9:BC15) -> #DIV/0! | BC9: =AVERAGE('Raw Data'!AW9:AW15) -> #DIV/0! | BD9: =AVERAGE('Raw Data'!AX9:AX15) -> #DIV/0! | BE9: =AVERAGE('Raw Data'!AY9:AY15) -> #DIV/0! | BF9: =AVERAGE('Raw Data'!AZ9:AZ15) -> #DIV/0!
A10: ='Raw Data'!A10 -> 9 | B10: =AVERAGE('Raw Data'!C10:C16) -> #DIV/0! | C10: =AVERAGE('Raw Data'!D10:D16) -> 0.71084328 | D10: =AVERAGE('Raw Data'!E10:E16) -> 0.72110287 | E10: =AVERAGE('Raw Data'!F10:F16) -> 0.71045429 | F10: =AVERAGE('Raw Data'!G10:G16) -> 0.70987399 | G10: =AVERAGE('Raw Data'!H10:H16) -> 0.70944652 | H10: =AVERAGE('Raw Data'!I10:I16) -> 0.70844345 | I10: =AVERAGE('Raw Data'!J10:J16) -> 0.70920395 | ... BB10: =AVERAGE('Raw Data'!BC10:BC16) -> #DIV/0! | BC10: =AVERAGE('Raw Data'!AW10:AW16) -> #DIV/0! | BD10: =AVERAGE('Raw Data'!AX10:AX16) -> #DIV/0! | BE10: =AVERAGE('Raw Data'!AY10:AY16) -> #DIV/0! | BF10: =AVERAGE('Raw Data'!AZ10:AZ16) -> #DIV/0!
A11: ='Raw Data'!A11 -> 10 | B11: =AVERAGE('Raw Data'!C11:C17) -> #DIV/0! | C11: =AVERAGE('Raw Data'!D11:D17) -> 0.71074401 | D11: =AVERAGE('Raw Data'!E11:E17) -> 0.72093963 | E11: =AVERAGE('Raw Data'!F11:F17) -> 0.71040364 | F11: =AVERAGE('Raw Data'!G11:G17) -> 0.70995154 | G11: =AVERAGE('Raw Data'!H11:H17) -> 0.7105295 | H11: =AVERAGE('Raw Data'!I11:I17) -> 0.70940312 | I11: =AVERAGE('Raw Data'!J11:J17) -> 0.70882855 | ... BB11: =AVERAGE('Raw Data'!BC11:BC17) -> #DIV/0! | BC11: =AVERAGE('Raw Data'!AW11:AW17) -> #DIV/0! | BD11: =AVERAGE('Raw Data'!AX11:AX17) -> #DIV/0! | BE11: =AVERAGE('Raw Data'!AY11:AY17) -> #DIV/0! | BF11: =AVERAGE('Raw Data'!AZ11:AZ17) -> #DIV/0!
A12: ='Raw Data'!A12 -> 11 | B12: =AVERAGE('Raw Data'!C12:C18) -> #DIV/0! | C12: =AVERAGE('Raw Data'!D12:D18) -> 0.71080841 | D12: =AVERAGE('Raw Data'!E12:E18) -> 0.7204837 | E12: =AVERAGE('Raw Data'!F12:F18) -> 0.71025293 | F12: =AVERAGE('Raw Data'!G12:G18) -> 0.70981067 | G12: =AVERAGE('Raw Data'!H12:H18) -> 0.71028191 | H12: =AVERAGE('Raw Data'!I12:I18) -> 0.70914603 | I12: =AVERAGE('Raw Data'!J12:J18) -> 0.70905882 | ... BB12: =AVERAGE('Raw Data'!BC12:BC18) -> #DIV/0! | BC12: =AVERAGE('Raw Data'!AW12:AW18) -> #DIV/0! | BD12: =AVERAGE('Raw Data'!AX12:AX18) -> #DIV/0! | BE12: =AVERAGE('Raw Data'!AY12:AY18) -> #DIV/0! | BF12: =AVERAGE('Raw Data'!AZ12:AZ18) -> #DIV/0!
A13: ='Raw Data'!A13 -> 12 | B13: =AVERAGE('Raw Data'!C13:C19) -> #DIV/0! | C13: =AVERAGE('Raw Data'!D13:D19) -> 0.71083788 | D13: =AVERAGE('Raw Data'!E13:E19) -> 0.7186292 | E13: =AVERAGE('Raw Data'!F13:F19) -> 0.71022662 | F13: =AVERAGE('Raw Data'!G13:G19) -> 0.70961025 | G13: =AVERAGE('Raw Data'!H13:H19) -> 0.71041451 | H13: =AVERAGE('Raw Data'!I13:I19) -> 0.70908976 | I13: =AVERAGE('Raw Data'!J13:J19) -> 0.70910922 | ... BB13: =AVERAGE('Raw Data'!BC13:BC19) -> #DIV/0! | BC13: =AVERAGE('Raw Data'!AW13:AW19) -> #DIV/0! | BD13: =AVERAGE('Raw Data'!AX13:AX19) -> #DIV/0! | BE13: =AVERAGE('Raw Data'!AY13:AY19) -> #DIV/0! | BF13: =AVERAGE('Raw Data'!AZ13:AZ19) -> #DIV/0!
... A107: ='Raw Data'!A107 -> 106 | B107: =AVERAGE('Raw Data'!C107:C113) -> 0.70930874 | C107: =AVERAGE('Raw Data'!D107:D113) -> 0.7098652 | D107: =AVERAGE('Raw Data'!E107:E113) -> 0.71002592 | E107: =AVERAGE('Raw Data'!F107:F113) -> 0.70970487 | F107: =AVERAGE('Raw Data'!G107:G113) -> 0.70877238 | G107: =AVERAGE('Raw Data'!H107:H113) -> 0.7080848 | H107: =AVERAGE('Raw Data'!I107:I113) -> 0.7080228 | I107: =AVERAGE('Raw Data'!J107:J113) -> 0.7087172 | ... BB107: =AVERAGE('Raw Data'!BC107:BC113) -> #DIV/0! | BC107: =AVERAGE('Raw Data'!AW107:AW113) -> #DIV/0! | BD107: =AVERAGE('Raw Data'!AX107:AX113) -> #DIV/0! | BE107: =AVERAGE('Raw Data'!AY107:AY113) -> #DIV/0! | BF107: =AVERAGE('Raw Data'!AZ107:AZ113) -> #DIV/0!
A108: ='Raw Data'!A108 -> 107 | B108: =AVERAGE('Raw Data'!C108:C114) -> 0.70939833 | C108: =AVERAGE('Raw Data'!D108:D114) -> 0.7097847 | D108: =AVERAGE('Raw Data'!E108:E114) -> 0.71000203 | E108: =AVERAGE('Raw Data'!F108:F114) -> 0.70975261 | F108: =AVERAGE('Raw Data'!G108:G114) -> 0.70894792 | G108: =AVERAGE('Raw Data'!H108:H114) -> 0.70788396 | H108: =AVERAGE('Raw Data'!I108:I114) -> 0.70798066 | I108: =AVERAGE('Raw Data'!J108:J114) -> 0.70843713 | ... BB108: =AVERAGE('Raw Data'!BC108:BC114) -> #DIV/0! | BC108: =AVERAGE('Raw Data'!AV108:AV114) -> #DIV/0! | BD108: =AVERAGE('Raw Data'!AW108:AW114) -> #DIV/0! | BE108: =AVERAGE('Raw Data'!AX108:AX114) -> #DIV/0! | BF108: =AVERAGE('Raw Data'!AY108:AY114) -> #DIV/0!
A109: ='Raw Data'!A109 -> 108 | B109: =AVERAGE('Raw Data'!C109:C115) -> 0.70948006 | C109: =AVERAGE('Raw Data'!D109:D115) -> 0.70970928 | D109: =AVERAGE('Raw Data'!E109:E115) -> 0.71042189 | E109: =AVERAGE('Raw Data'!F109:F115) -> 0.70968458 | F109: =AVERAGE('Raw Data'!G109:G115) -> 0.70898736 | G109: =AVERAGE('Raw Data'!H109:H115) -> 0.70785112 | H109: =AVERAGE('Raw Data'!I109:I115) -> 0.70801388 | I109: =AVERAGE('Raw Data'!J109:J115) -> 0.70860713 | ... BB109: =AVERAGE('Raw Data'!BC109:BC115) -> #DIV/0! | BC109: =AVERAGE('Raw Data'!AV109:AV115) -> #DIV/0! | BD109: =AVERAGE('Raw Data'!AW109:AW115) -> #DIV/0! | BE109: =AVERAGE('Raw Data'!AX109:AX115) -> #DIV/0! | BF109: =AVERAGE('Raw Data'!AY109:AY115) -> #DIV/0!
A110: ='Raw Data'!A110 -> 109 | B110: =AVERAGE('Raw Data'!C110:C116) -> 0.70941263 | C110: =AVERAGE('Raw Data'!D110:D116) -> 0.70961088 | D110: =AVERAGE('Raw Data'!E110:E116) -> 0.71028412 | E110: =AVERAGE('Raw Data'!F110:F116) -> 0.70954661 | F110: =AVERAGE('Raw Data'!G110:G116) -> 0.70891983 | G110: =AVERAGE('Raw Data'!H110:H116) -> 0.70783636 | H110: =AVERAGE('Raw Data'!I110:I116) -> 0.70790693 | I110: =AVERAGE('Raw Data'!J110:J116) -> 0.70860298 | ... BB110: =AVERAGE('Raw Data'!BC110:BC116) -> #DIV/0! | BC110: =AVERAGE('Raw Data'!AV110:AV116) -> #DIV/0! | BD110: =AVERAGE('Raw Data'!AW110:AW116) -> #DIV/0! | BE110: =AVERAGE('Raw Data'!AX110:AX116) -> #DIV/0! | BF110: =AVERAGE('Raw Data'!AY110:AY116) -> #DIV/0!
A111: ='Raw Data'!A111 -> 110 | B111: =AVERAGE('Raw Data'!C111:C117) -> 0.70949948 | C111: =AVERAGE('Raw Data'!D111:D117) -> 0.70960483 | D111: =AVERAGE('Raw Data'!E111:E117) -> 0.71027371 | E111: =AVERAGE('Raw Data'!F111:F117) -> 0.70950132 | F111: =AVERAGE('Raw Data'!G111:G117) -> 0.70908509 | G111: =AVERAGE('Raw Data'!H111:H117) -> 0.70789082 | H111: =AVERAGE('Raw Data'!I111:I117) -> 0.70805918 | I111: =AVERAGE('Raw Data'!J111:J117) -> 0.708444 | ... BB111: =AVERAGE('Raw Data'!BC111:BC117) -> #DIV/0! | BC111: =AVERAGE('Raw Data'!AV111:AV117) -> #DIV/0! | BD111: =AVERAGE('Raw Data'!AW111:AW117) -> #DIV/0! | BE111: =AVERAGE('Raw Data'!AX111:AX117) -> #DIV/0! | BF111: =AVERAGE('Raw Data'!AY111:AY117) -> #DIV/0!
A112: ='Raw Data'!A112 -> 111 | B112: =AVERAGE('Raw Data'!C112:C118) -> 0.70978085 | C112: =AVERAGE('Raw Data'!D112:D118) -> 0.7095228 | D112: =AVERAGE('Raw Data'!E112:E118) -> 0.71032509 | E112: =AVERAGE('Raw Data'!F112:F118) -> 0.70953945 | F112: =AVERAGE('Raw Data'!G112:G118) -> 0.70887037 | G112: =AVERAGE('Raw Data'!H112:H118) -> 0.70807671 | H112: =AVERAGE('Raw Data'!I112:I118) -> 0.70784908 | I112: =AVERAGE('Raw Data'!J112:J118) -> 0.70847125 | ... BB112: =AVERAGE('Raw Data'!BC112:BC118) -> #DIV/0! | BC112: =AVERAGE('Raw Data'!AV112:AV118) -> #DIV/0! | BD112: =AVERAGE('Raw Data'!AW112:AW118) -> #DIV/0! | BE112: =AVERAGE('Raw Data'!AX112:AX118) -> #DIV/0! | BF112: =AVERAGE('Raw Data'!AY112:AY118) -> #DIV/0!
A113: ='Raw Data'!A113 -> 112 | B113: =AVERAGE('Raw Data'!C113:C119) -> 0.70992276 | C113: =AVERAGE('Raw Data'!D113:D119) -> 0.70926405 | D113: =AVERAGE('Raw Data'!E113:E119) -> 0.71029455 | E113: =AVERAGE('Raw Data'!F113:F119) -> 0.70944997 | F113: =AVERAGE('Raw Data'!G113:G119) -> 0.70934191 | G113: =AVERAGE('Raw Data'!H113:H119) -> 0.70802207 | H113: =AVERAGE('Raw Data'!I113:I119) -> 0.70792269 | I113: =AVERAGE('Raw Data'!J113:J119) -> 0.70859293 | ... BB113: =AVERAGE('Raw Data'!BC113:BC119) -> #DIV/0! | BC113: =AVERAGE('Raw Data'!AV113:AV119) -> #DIV/0! | BD113: =AVERAGE('Raw Data'!AW113:AW119) -> #DIV/0! | BE113: =AVERAGE('Raw Data'!AX113:AX119) -> #DIV/0! | BF113: =AVERAGE('Raw Data'!AY113:AY119) -> #DIV/0!
A114: ='Raw Data'!A114 -> 113 | B114: =AVERAGE('Raw Data'!C114:C120) -> 0.71005219 | C114: =AVERAGE('Raw Data'!D114:D120) -> 0.7090976 | D114: =AVERAGE('Raw Data'!E114:E120) -> 0.71001984 | E114: =AVERAGE('Raw Data'!F114:F120) -> 0.70943968 | F114: =AVERAGE('Raw Data'!G114:G120) -> 0.70922866 | G114: =AVERAGE('Raw Data'!H114:H120) -> 0.70803346 | H114: =AVERAGE('Raw Data'!I114:I120) -> 0.70784075 | I114: =AVERAGE('Raw Data'!J114:J120) -> 0.70874534 | ... BB114: =AVERAGE('Raw Data'!BC114:BC120) -> #DIV/0! | BC114: =AVERAGE('Raw Data'!AV114:AV120) -> #DIV/0! | BD114: =AVERAGE('Raw Data'!AW114:AW120) -> #DIV/0! | BE114: =AVERAGE('Raw Data'!AX114:AX120) -> #DIV/0! | BF114: =AVERAGE('Raw Data'!AY114:AY120) -> #DIV/0!
A115: ='Raw Data'!A115 -> 114 | B115: =AVERAGE('Raw Data'!C115:C121) -> 0.71002197 | C115: =AVERAGE('Raw Data'!D115:D121) -> 0.70907605 | D115: =AVERAGE('Raw Data'!E115:E121) -> 0.70990066 | E115: =AVERAGE('Raw Data'!F115:F121) -> 0.70931555 | F115: =AVERAGE('Raw Data'!G115:G121) -> 0.70930563 | G115: =AVERAGE('Raw Data'!H115:H121) -> 0.70812565 | H115: =AVERAGE('Raw Data'!I115:I121) -> 0.70788845 | I115: =AVERAGE('Raw Data'!J115:J121) -> 0.70893625 | ... BB115: =AVERAGE('Raw Data'!BC115:BC121) -> #DIV/0! | BC115: =AVERAGE('Raw Data'!AV115:AV121) -> #DIV/0! | BD115: =AVERAGE('Raw Data'!AW115:AW121) -> #DIV/0! | BE115: =AVERAGE('Raw Data'!AX115:AX121) -> #DIV/0! | BF115: =AVERAGE('Raw Data'!AY115:AY121) -> #DIV/0!
A116: ='Raw Data'!A116 -> 115 | B116: =AVERAGE('Raw Data'!C116:C122) -> 0.71002582 | C116: =AVERAGE('Raw Data'!D116:D122) -> 0.70912057 | D116: =AVERAGE('Raw Data'!E116:E122) -> 0.70950877 | E116: =AVERAGE('Raw Data'!F116:F122) -> 0.70924528 | F116: =AVERAGE('Raw Data'!G116:G122) -> 0.70903907 | G116: =AVERAGE('Raw Data'!H116:H122) -> 0.70813378 | H116: =AVERAGE('Raw Data'!I116:I122) -> 0.7081283 | I116: =AVERAGE('Raw Data'!J116:J122) -> 0.70886754 | ... BB116: =AVERAGE('Raw Data'!BC116:BC122) -> #DIV/0! | BC116: =AVERAGE('Raw Data'!AV116:AV122) -> #DIV/0! | BD116: =AVERAGE('Raw Data'!AW116:AW122) -> #DIV/0! | BE116: =AVERAGE('Raw Data'!AX116:AX122) -> #DIV/0! | BF116: =AVERAGE('Raw Data'!AY116:AY122) -> #DIV/0!
A117: ='Raw Data'!A117 -> 116 | B117: =AVERAGE('Raw Data'!C117:C123) -> 0.71025082 | C117: =AVERAGE('Raw Data'!D117:D123) -> 0.70917008 | D117: =AVERAGE('Raw Data'!E117:E123) -> 0.70944954 | E117: =AVERAGE('Raw Data'!F117:F123) -> 0.70931472 | F117: =AVERAGE('Raw Data'!G117:G123) -> 0.70900165 | G117: =AVERAGE('Raw Data'!H117:H123) -> 0.70821075 | H117: =AVERAGE('Raw Data'!I117:I123) -> 0.70821496 | I117: =AVERAGE('Raw Data'!J117:J123) -> 0.70894362 | ... BB117: =AVERAGE('Raw Data'!BC117:BC123) -> #DIV/0! | BC117: =AVERAGE('Raw Data'!AV117:AV123) -> #DIV/0! | BD117: =AVERAGE('Raw Data'!AW117:AW123) -> #DIV/0! | BE117: =AVERAGE('Raw Data'!AX117:AX123) -> #DIV/0! | BF117: =AVERAGE('Raw Data'!AY117:AY123) -> #DIV/0!
A118: ='Raw Data'!A118 -> 117 | B118: =AVERAGE('Raw Data'!C118:C124) -> 0.71027405 | C118: =AVERAGE('Raw Data'!D118:D124) -> 0.70907813 | D118: =AVERAGE('Raw Data'!E118:E124) -> 0.70946945 | E118: =AVERAGE('Raw Data'!F118:F124) -> 0.70937642 | F118: =AVERAGE('Raw Data'!G118:G124) -> 0.70879071 | G118: =AVERAGE('Raw Data'!H118:H124) -> 0.70830695 | H118: =AVERAGE('Raw Data'!I118:I124) -> 0.70809595 | I118: =AVERAGE('Raw Data'!J118:J124) -> 0.70916357 | ... BB118: =AVERAGE('Raw Data'!BC118:BC124) -> #DIV/0! | BC118: =AVERAGE('Raw Data'!AV118:AV124) -> #DIV/0! | BD118: =AVERAGE('Raw Data'!AW118:AW124) -> #DIV/0! | BE118: =AVERAGE('Raw Data'!AX118:AX124) -> #DIV/0! | BF118: =AVERAGE('Raw Data'!AY118:AY124) -> #DIV/0!
A119: ='Raw Data'!A119 -> 118 | B119: =AVERAGE('Raw Data'!C119:C125) -> 0.71018936 | C119: =AVERAGE('Raw Data'!D119:D125) -> 0.70903857 | D119: =AVERAGE('Raw Data'!E119:E125) -> 0.70932546 | E119: =AVERAGE('Raw Data'!F119:F125) -> 0.70948518 | F119: =AVERAGE('Raw Data'!G119:G125) -> 0.70893496 | G119: =AVERAGE('Raw Data'!H119:H125) -> 0.70820776 | H119: =AVERAGE('Raw Data'!I119:I125) -> 0.70812086 | I119: =AVERAGE('Raw Data'!J119:J125) -> 0.70908686 | ... BB119: =AVERAGE('Raw Data'!BC119:BC125) -> #DIV/0! | BC119: =AVERAGE('Raw Data'!AV119:AV125) -> #DIV/0! | BD119: =AVERAGE('Raw Data'!AW119:AW125) -> #DIV/0! | BE119: =AVERAGE('Raw Data'!AX119:AX125) -> #DIV/0! | BF119: =AVERAGE('Raw Data'!AY119:AY125) -> #DIV/0!
... A501: ='Raw Data'!A501 -> 500 | B501: =AVERAGE('Raw Data'!C501:C507) -> #DIV/0! | C501: =AVERAGE('Raw Data'!D501:D507) -> #DIV/0! | D501: =AVERAGE('Raw Data'!E501:E507) -> #DIV/0! | E501: =AVERAGE('Raw Data'!F501:F507) -> #DIV/0! | F501: =AVERAGE('Raw Data'!G501:G507) -> #DIV/0! | G501: =AVERAGE('Raw Data'!H501:H507) -> #DIV/0! | H501: =AVERAGE('Raw Data'!I501:I507) -> #DIV/0! | I501: =AVERAGE('Raw Data'!J501:J507) -> #DIV/0! | ... BB501: =AVERAGE('Raw Data'!BC501:BC507) -> #DIV/0! | BC501: =AVERAGE('Raw Data'!AV501:AV507) -> #DIV/0! | BD501: =AVERAGE('Raw Data'!AW501:AW507) -> #DIV/0! | BE501: =AVERAGE('Raw Data'!AX501:AX507) -> #DIV/0! | BF501: =AVERAGE('Raw Data'!AY501:AY507) -> #DIV/0!

Sheet Intensity
A1: Measurement Number | B1: ='Raw Data'!B1 -> HART-14 | C1: ='Raw Data'!C1 -> HART-15 | D1: ='Raw Data'!D1 -> HART-13 | E1: ='Raw Data'!E1 -> HART-12 | F1: ='Raw Data'!F1 -> HART-16 | G1: ='Raw Data'!G1 -> HART-17 | H1: ='Raw Data'!H1 -> HART-18 | I1: ='Raw Data'!I1 -> HART-19 | ... BF1: ='Raw Data'!BF1 -> 0
A2: 1 | B2: 0.97785517 | C2: 0.11089902 | D2: 1.0044275 | E2: 0.12573461 | F2: 0.10903656 | G2: 0.24449145 | H2: 0.10930879 | I2: 0.20055032 | J2: 0.86920128 | K2: 0.20440704 | L2: 0.84856744 | M2: 0.55681662 | N2: 0.11471441 | O2: 0.76353862 | P2: 0.13029559 | Q2: 0.83968021 | R2: 0.63876929 | S2: 0.33703867 | T2: 0.12107706 | U2: 0.48781114 | V2: 0.29447183 | W2: 0.98446228 | X2: 0.66776349 | Y2: 0.36810027 | Z2: 0.15266607 | AA2: 1.0325717 | AB2: 0.64900838 | AC2: 0.10893112
A3: 2 | B3: 0.95785734 | C3: 0.1021795 | D3: 1.1100201 | E3: 0.13772572 | F3: 0.15526667 | G3: 0.40830439 | H3: 0.13310011 | I3: 0.18228454 | J3: 0.9202355 | K3: 0.18194905 | L3: 0.77256703 | M3: 0.50293383 | N3: 0.12662919 | O3: 1.3278836 | P3: 0.14118816 | Q3: 0.78570078 | R3: 0.65761996 | S3: 0.31411558 | T3: 0.11054938 | U3: 0.61712017 | V3: 0.44470095 | W3: 0.7746322 | X3: 0.68070518 | Y3: 0.49949086 | Z3: 0.14118649 | AA3: 0.80718336 | AB3: 0.64691743 | AC3: 0.47648666
A4: 3 | B4: 0.88127958 | C4: 0.11448965 | D4: 0.97165475 | E4: 0.13713836 | F4: 0.19511877 | G4: 0.48537399 | H4: 0.16781612 | I4: 0.17829314 | J4: 1.2840607 | K4: 0.1654371 | L4: 0.74728548 | M4: 0.62274381 | N4: 0.13444786 | O4: 0.881389 | P4: 0.14072403 | Q4: 0.72224728 | R4: 0.51515816 | S4: 0.23885622 | T4: 0.11095229 | U4: 0.79709817 | V4: 0.55261636 | W4: 0.69449419 | X4: 0.64414872 | Y4: 0.62948648 | Z4: 0.16297633 | AA4: 0.81087257 | AB4: 0.65606157 | AC4: 0.66979024
A5: 4 | B5: 0.91811207 | C5: 0.095541088 | D5: 0.88600993 | E5: 0.15840782 | F5: 0.23145452 | G5: 0.5020104 | H5: 0.18964591 | I5: 0.19119313 | J5: 1.559771 | K5: 0.15119974 | L5: 0.76798608 | M5: 0.65901117 | N5: 0.12999928 | O5: 0.98338986 | P5: 0.13490283 | Q5: 0.78402638 | R5: 0.2514897 | S5: 0.19548415 | T5: 0.11458855 | U5: 0.88410838 | V5: 0.53296409 | W5: 0.76632722 | X5: 0.66361321 | Y5: 0.66422044 | Z5: 0.14734642 | AA5: 0.89308756 | AB5: 0.65265277 | AC5: 0.72883715
A6: 5 | B6: 0.96825359 | C6: 0.071032488 | D6: 0.82593297 | E6: 0.16095459 | F6: 0.29653461 | G6: 0.47669221 | H6: 0.22957131 | I6: 0.25085515 | J6: 1.5285468 | K6: 0.14300091 | L6: 0.67938763 | M6: 0.66899154 | N6: 0.15275326 | O6: 0.91733918 | P6: 0.15832574 | Q6: 0.85989765 | R6: 0.13562932 | S6: 0.15044809 | T6: 0.10650412 | U6: 0.77587612 | V6: 0.63476135 | W6: 0.80913879 | X6: 0.66155172 | Y6: 0.65546014 | Z6: 0.14386679 | AA6: 0.88639159 | AB6: 0.72972348 | AC6: 0.9461242
A7: 6 | B7: 1.0981559 | C7: 0.089121466 | D7: 0.83767458 | E7: 0.15794266 | F7: 0.37628715 | G7: 0.46862726 | H7: 0.25782136 | I7: 0.25474794 | J7: 1.5392756 | K7: 0.14129229 | L7: 0.59550819 | M7: 0.67609917 | N7: 0.14856522 | O7: 0.81112263 | P7: 0.18493064 | Q7: 0.95099453 | R7: 0.092585571 | S7: 0.12012688 | T7: 0.10878106 | U7: 0.88395656 | V7: 0.71702139 | W7: 0.86904321 | X7: 0.67315941 | Y7: 0.73759633 | Z7: 0.13380004 | AA7: 0.87933178 | AB7: 0.78470451 | AC7: 0.89526234
A8: 7 | B8: 1.1288941 | C8: 0.094969894 | D8: 0.94362328 | E8: 0.16496598 | F8: 0.48627629 | G8: 0.46821665 | H8: 0.2905573 | I8: 0.21916175 | J8: 1.5027837 | K8: 0.15284229 | L8: 0.58710976 | M8: 0.67598266 | N8: 0.17374983 | O8: 0.65477408 | P8: 0.18901831 | Q8: 0.9441466 | R8: 0.07281955 | S8: 0.09439725 | T8: 0.115296 | U8: 1.0201417 | V8: 0.82293836 | W8: 0.87042354 | X8: 0.71904742 | Y8: 0.89771178 | Z8: 0.1524416 | AA8: 1.1791593 | AB8: 0.81698751 | AC8: 0.88613133
A9: 8 | B9: 1.1380475 | C9: 0.11131831 | D9: 1.0117926 | E9: 0.17994949 | F9: 0.6024533 | G9: 0.44298608 | H9: 0.31206728 | I9: 0.17550211 | J9: 1.4964652 | K9: 0.17689187 | L9: 0.77175828 | M9: 0.70877517 | N9: 0.18226928 | O9: 0.73794074 | P9: 0.19221359 | Q9: 0.88252206 | R9: 0.10996285 | S9: 0.088694956 | T9: 0.12233533 | U9: 1.1095958 | V9: 0.94211496 | W9: 0.94413911 | X9: 0.67979152 | Y9: 1.138089 | Z9: 0.19376252 | AA9: 1.2946617 | AB9: 0.8671033 | AC9: 0.71060618
A10: 9 | B10: 1.1282805 | C10: 0.1310702 | D10: 1.0898454 | E10: 0.17769417 | F10: 0.63799329 | G10: 0.39555128 | H10: 0.33729895 | I10: 0.16913106 | J10: 1.1368918 | K10: 0.2041471 | L10: 1.1525038 | M10: 0.74454857 | N10: 0.16640479 | O10: 0.7761986 | P10: 0.20005734 | Q10: 0.7397546 | R10: 0.25187382 | S10: 0.075959401 | T10: 0.12860318 | U10: 1.2196486 | V10: 1.0351865 | W10: 1.0750534 | X10: 0.66630111 | Y10: 1.2889098 | Z10: 0.17927272 | AA10: 1.3797388 | AB10: 0.96580719 | AC10: 0.63780019
A11: 10 | B11: 1.2423039 | C11: 0.1368735 | D11: 1.1609937 | E11: 0.19087253 | F11: 0.68406481 | G11: 0.35761607 | H11: 0.32995209 | I11: 0.18488795 | J11: 0.98588157 | K11: 0.19637049 | L11: 1.1603205 | M11: 0.89830756 | N11: 0.18454661 | O11: 0.77063909 | P11: 0.22640786 | Q11: 0.6641783 | R11: 0.3650625 | S11: 0.072748997 | T11: 0.13822659 | U11: 1.2640458 | V11: 1.0375315 | W11: 1.2095585 | X11: 0.70841435 | Y11: 1.4996614 | Z11: 0.17302406 | AA11: 1.5264253 | AB11: 1.0256752 | AC11: 0.67684646
A12: 11 | B12: 1.2363095 | C12: 0.15445749 | D12: 1.2623263 | E12: 0.20880808 | F12: 0.75624679 | G12: 0.36676536 | H12: 0.31572099 | I12: 0.20521791 | J12: 1.1629432 | K12: 0.19822339 | L12: 0.82182568 | M12: 1.0470672 | N12: 0.19116883 | O12: 0.8089508 | P12: 0.22976214 | Q12: 0.65168542 | R12: 0.30711322 | S12: 0.096446565 | T12: 0.15656088 | U12: 1.2059695 | V12: 0.98188571 | W12: 1.2638584 | X12: 0.7287243 | Y12: 1.4234441 | Z12: 0.16502233 | AA12: 1.4962263 | AB12: 1.0948485 | AC12: 0.76940412
A13: 12 | B13: 1.1537837 | C13: 0.16463225 | D13: 1.3256502 | E13: 0.21526274 | F13: 0.90319668 | G13: 0.38331285 | H13: 0.33106069 | I13: 0.24131171 | J13: 1.2468061 | K13: 0.24331655 | L13: 1.0687788 | M13: 1.0898499 | N13: 0.21188846 | O13: 0.90894895 | P13: 0.23571532 | Q13: 0.69523319 | R13: 0.33716143 | S13: 0.13062511 | T13: 0.16291706 | U13: 1.3094507 | V13: 0.91203101 | W13: 1.3610578 | X13: 0.77972413 | Y13: 1.3488511 | Z13: 0.15690528 | AA13: 1.2675685 | AB13: 1.2828012 | AC13: 0.79294858
... A204: 203 | B204: 1.9947129 | C204: 0.97036398 | D204: 2.704034 | E204: 1.1497987 | F204: 2.7003531 | G204: 1.4805316 | H204: 1.3764383 | I204: 0.51022942 | J204: 1.3278924 | K204: 1.9294776 | L204: 2.3036022 | M204: 1.050549 | N204: 1.2141738 | O204: 1.4433699 | P204: 1.4332775 | Q204: 1.0132715 | R204: 1.5167635 | S204: 1.5777238 | T204: 0.48196651 | U204: 1.9364699 | V204: 2.0503796 | W204: 1.4226332 | X204: 1.8921458 | Y204: 2.4053303 | Z204: 1.4962686 | AA204: 1.6282072 | AB204: 1.5516053 | AC204: 1.3389991
A205: 204 | B205: 1.8520792 | C205: 1.0728388 | D205: 2.6437128 | E205: 1.1992437 | F205: 2.7586549 | G205: 1.4504844 | H205: 1.3208454 | I205: 0.50499069 | K205: 1.9193074 | L205: 2.2730798 | M205: 1.062852 | N205: 1.1389678 | O205: 1.4455073 | P205: 1.5075078 | Q205: 1.0053903 | R205: 1.1237686 | S205: 1.6372523 | T205: 0.48049811 | U205: 2.2976086 | V205: 2.0263045 | W205: 1.4106197 | X205: 1.7590521 | Y205: 2.3752754 | Z205: 1.5341113 | AA205: 1.6622859 | AB205: 1.5278829 | AC205: 1.3738694
A206: 205 | B206: 1.808965 | C206: 1.224258 | D206: 2.4356334 | E206: 1.201643 | F206: 2.6935263 | G206: 1.4260204 | H206: 1.392296 | I206: 0.52014985 | K206: 1.9837269 | L206: 2.1698764 | M206: 1.0950636 | N206: 1.1547755 | O206: 1.4651531 | P206: 1.4473785 | Q206: 1.06301 | R206: 0.84901622 | S206: 1.7013548 | T206: 0.45906546 | U206: 2.5487513 | V206: 1.911381 | W206: 1.3798802 | X206: 1.7215486 | Y206: 2.4616859 | Z206: 1.5253109 | AA206: 1.778378 | AB206: 1.5800774 | AC206: 1.4055253
A207: 206 | B207: 1.8523301 | C207: 1.1901584 | D207: 2.3960363 | E207: 1.197505 | F207: 2.7879502 | G207: 1.4683421 | H207: 1.4725961 | I207: 0.5577735 | K207: 1.9784818 | L207: 2.09346 | M207: 1.1043041 | N207: 1.297343 | O207: 1.4249367 | P207: 1.4937088 | Q207: 1.1676948 | R207: 0.73540212 | S207: 1.8289454 | T207: 0.49827362 | U207: 2.4791851 | V207: 1.8924597 | W207: 1.3174977 | X207: 1.6554212 | Y207: 2.4720315 | Z207: 1.5511555 | AA207: 1.8633228 | AB207: 1.5954674 | AC207: 1.3891193
A208: 207 | B208: 1.7718894 | C208: 1.2218244 | D208: 2.4262783 | E208: 1.2045872 | F208: 2.8108091 | G208: 1.3554401 | H208: 1.4850927 | I208: 0.55730622 | K208: 1.8937544 | L208: 1.9558784 | M208: 1.1097609 | N208: 1.3930362 | O208: 1.4045415 | P208: 1.5881772 | Q208: 1.1373962 | R208: 0.72742904 | S208: 2.0218515 | T208: 0.54337146 | U208: 2.3467342 | V208: 2.1057438 | W208: 1.4271226 | X208: 1.6926902 | Y208: 2.4177902 | Z208: 1.5259224 | AA208: 1.9964278 | AB208: 1.6587095 | AC208: 1.4127941
A209: 208 | B209: 1.7029872 | C209: 1.2157889 | D209: 2.128896 | E209: 1.1792396 | F209: 2.36191 | G209: 1.3973038 | H209: 1.3619516 | I209: 0.5989271 | K209: 1.896013 | L209: 2.0693168 | M209: 1.0633386 | N209: 1.4041379 | O209: 1.3695866 | P209: 1.6962357 | Q209: 1.0792888 | R209: 0.75352287 | S209: 2.0502843 | T209: 0.4208746 | U209: 2.367241 | V209: 2.1294931 | W209: 1.5349977 | X209: 1.6777515 | Y209: 2.4249672 | Z209: 1.4866833 | AA209: 2.070072 | AB209: 1.6695605 | AC209: 1.3459816
A210: 209 | B210: 1.6094267 | C210: 1.2018969 | D210: 1.901295 | E210: 1.1924462 | F210: 1.8905184 | G210: 1.3301842 | H210: 1.4074958 | I210: 0.56764786 | K210: 2.0243523 | L210: 2.2282687 | M210: 1.0320585 | N210: 1.4909644 | O210: 1.2318046 | P210: 1.6755399 | Q210: 1.1627263 | R210: 0.72350406 | S210: 1.8740018 | T210: 0.30475286 | U210: 2.3813855 | V210: 1.8266056 | W210: 1.6730968 | X210: 1.6478814 | Y210: 2.3771487 | Z210: 1.4677512 | AA210: 2.1801539 | AB210: 1.7064312 | AC210: 1.291825
A211: 210 | B211: 1.507497 | C211: 1.2118366 | D211: 1.9307996 | E211: 1.1719008 | F211: 1.8871997 | G211: 1.2201939 | H211: 1.3855445 | I211: 0.52514907 | K211: 1.949287 | L211: 1.939323 | M211: 1.0318473 | N211: 1.4986732 | O211: 1.1803903 | P211: 1.6460178 | Q211: 1.1576657 | R211: 0.68741292 | S211: 1.8818682 | T211: 0.29219923 | U211: 2.3426309 | V211: 1.7488858 | W211: 1.6985994 | X211: 1.6405258 | Y211: 2.4302946 | Z211: 1.4869447 | AA211: 2.381821 | AB211: 1.7003461 | AC211: 1.3796201
A212: 211 | B212: 1.4225752 | C212: 1.2563679 | D212: 1.9063879 | E212: 1.1604904 | F212: 1.8558607 | G212: 1.237654 | H212: 1.3948491 | I212: 0.52034638 | K212: 2.1351052 | L212: 1.7943177 | M212: 1.0439827 | N212: 1.5808246 | O212: 1.2438698 | P212: 1.7327872 | Q212: 1.0498392 | R212: 0.58787899 | S212: 1.9298653 | T212: 0.28448667 | U212: 2.2781226 | V212: 1.6953505 | W212: 1.605413 | X212: 1.7883232 | Y212: 2.3424928 | Z212: 1.487266 | AA212: 2.3437207 | AB212: 1.759687 | AC212: 1.2947982
A213: 212 | B213: 1.4348858 | C213: 1.2666381 | D213: 1.9062024 | E213: 1.1779284 | F213: 2.0552996 | G213: 1.2511169 | H213: 1.4143817 | I213: 0.51206748 | K213: 2.5834942 | L213: 1.7470739 | M213: 1.0885972 | N213: 1.6587429 | O213: 1.2610624 | P213: 1.7676174 | Q213: 0.96582665 | R213: 0.47494577 | S213: 1.982716 | T213: 0.26550103 | U213: 2.393584 | V213: 1.7529098 | W213: 1.3579348 | X213: 1.7896442 | Y213: 2.2794124 | Z213: 1.4985123 | AA213: 2.4139419 | AB213: 1.7823571 | AC213: 1.2617206
A214: 213 | B214: 1.3943455 | C214: 1.2802321 | D214: 2.0403543 | E214: 1.1915239 | F214: 2.2066933 | G214: 1.3232408 | H214: 1.4495966 | I214: 0.50181045 | K214: 2.3866277 | L214: 1.6758135 | M214: 1.0847266 | N214: 1.5421098 | O214: 1.2506587 | P214: 1.6753531 | Q214: 0.96694418 | R214: 0.3692856 | S214: 1.9394909 | T214: 0.26854352 | U214: 2.5117307 | V214: 1.9714445 | W214: 1.2566078 | X214: 2.0321535 | Y214: 2.1961681 | Z214: 1.4605387 | AA214: 2.3550672 | AB214: 1.7254083 | AC214: 1.2708133
A215: 214 | B215: 1.3891883 | C215: 1.2767647 | D215: 1.9210793 | E215: 1.1832325 | F215: 2.1777362 | G215: 1.4275718 | H215: 1.4055994 | I215: 0.4835945 | K215: 2.4347138 | L215: 1.7458494 | M215: 1.0836648 | N215: 1.5213373 | O215: 1.2046215 | P215: 1.6390981 | Q215: 0.9710602 | R215: 0.25221794 | S215: 1.8727926 | T215: 0.25073925 | U215: 2.5000651 | V215: 2.1595896 | W215: 1.1301857 | X215: 2.2583336 | Y215: 2.2147704 | Z215: 1.4717843 | AA215: 2.498403 | AB215: 1.7360042 | AC215: 1.3303557
A216: 215 | B216: 1.4196954 | C216: 1.3872227 | D216: 2.0752384 | E216: 1.170865 | F216: 2.0892558 | G216: 1.5185465 | H216: 1.3823116 | I216: 0.47986751 | K216: 2.2722617 | L216: 1.8214005 | M216: 1.1766287 | N216: 1.5304164 | O216: 1.203198 | P216: 1.6271222 | Q216: 0.92847549 | R216: 0.20884428 | S216: 1.8505413 | T216: 0.25633558 | U216: 2.4511094 | V216: 1.9963242 | W216: 1.124005 | X216: 2.3404045 | Y216: 2.2693396 | Z216: 1.4131962 | AA216: 2.4952503 | AB216: 1.750094 | AC216: 1.3687228
... A221: 220 | B221: 1.3894893 | C221: 1.5008463 | D221: 2.124288 | E221: 1.4093022 | F221: 2.9971219 | G221: 1.5385278 | H221: 1.1908099 | I221: 0.49138953 | K221: 2.098622 | L221: 1.721356 | M221: 1.3580435 | N221: 1.5854261 | O221: 1.2299302 | P221: 1.6946755 | Q221: 1.324233 | R221: 0.10396822 | S221: 1.8673038 | T221: 0.21523882 | U221: 2.3588179 | V221: 1.630996 | W221: 1.3858154 | X221: 2.7498263 | Y221: 2.4318813 | Z221: 1.3582753 | AA221: 2.6784152 | AB221: 1.7685496 | AC221: 1.33114
A222: 221 | B222: 1.2891265 | C222: 1.4221438 | D222: 1.9871438 | E222: 1.3154234 | F222: 3.2101798 | G222: 1.6611583 | H222: 1.1092613 | I222: 0.51913805 | K222: 2.1602022 | L222: 1.7455216 | M222: 1.3796602 | N222: 1.7078915 | O222: 1.2685222 | P222: 1.6438682 | Q222: 1.2557637 | S222: 1.8578079 | T222: 0.22808887 | U222: 2.4923336 | V222: 1.6614203 | W222: 1.344015 | X222: 2.5434151 | Y222: 2.4916119 | Z222: 1.4231713 | AA222: 2.8186734 | AB222: 1.7506338 | AC222: 1.3420146
A223: 222 | B223: 1.2690046 | C223: 1.3709429 | D223: 1.6318022 | E223: 1.2824909 | F223: 3.3201468 | G223: 1.7527447 | H223: 1.0287785 | I223: 0.57277545 | K223: 2.0901661 | L223: 1.7929008 | M223: 1.4195503 | N223: 1.7117806 | O223: 1.3087754 | P223: 1.4624741 | Q223: 1.1966009 | S223: 1.8501988 | T223: 0.2238071 | U223: 2.8320318 | V223: 1.9216642 | W223: 1.3047191 | X223: 2.6530492 | Y223: 2.503633 | Z223: 1.4831147 | AA223: 2.8286462 | AB223: 1.7279411 | AC223: 1.3032208
A224: 223 | B224: 1.288971 | C224: 1.395718 | D224: 1.8151331 | E224: 1.2649281 | F224: 3.2331927 | G224: 1.8364672 | H224: 1.0444803 | I224: 0.56058274 | K224: 2.0782095 | L224: 1.8573249 | M224: 1.4235265 | N224: 1.6945407 | O224: 1.3504969 | P224: 1.3870373 | Q224: 1.142451 | S224: 1.8766887 | T224: 0.23161029 | U224: 2.5196318 | V224: 2.4967268 | W224: 1.2541147 | X224: 2.4172761 | Y224: 2.6082385 | Z224: 1.4942578 | AA224: 2.9197151 | AB224: 1.7449748 | AC224: 1.3240422
A225: 224 | B225: 1.3509068 | C225: 1.3383239 | D225: 2.0032556 | E225: 1.2772551 | F225: 3.1337416 | G225: 1.8330298 | H225: 1.0683155 | I225: 0.59482418 | K225: 2.177224 | L225: 1.859496 | M225: 1.4372127 | N225: 1.7011093 | O225: 1.4662475 | P225: 1.5061706 | Q225: 1.136417 | S225: 1.8253513 | T225: 0.26487764 | U225: 2.5497643 | V225: 2.4763021 | W225: 1.348718 | X225: 2.1897256 | Y225: 2.5519577 | Z225: 1.5896186 | AA225: 2.9590227 | AB225: 1.7855338 | AC225: 1.3717663
A226: 225 | B226: 1.3099389 | C226: 1.2400157 | D226: 2.0544159 | E226: 1.3368661 | F226: 2.7251258 | G226: 1.8074899 | H226: 1.1019963 | I226: 0.57716138 | K226: 2.2142905 | L226: 1.812477 | M226: 1.4068408 | N226: 1.7203219 | O226: 1.4754466 | P226: 1.478516 | Q226: 1.1080475 | S226: 1.7820417 | T226: 0.26410721 | U226: 2.6448546 | V226: 2.0829646 | W226: 1.236988 | X226: 2.0404036 | Y226: 2.4887123 | Z226: 1.6172575 | AA226: 2.9672349 | AB226: 1.7657745 | AC226: 1.4464962
A227: 226 | B227: 1.3597543 | C227: 1.1324396 | D227: 1.9468986 | E227: 1.3391147 | F227: 2.3544204 | G227: 1.6797928 | H227: 1.0833167 | I227: 0.56079726 | K227: 2.1551425 | L227: 1.7033226 | M227: 1.4151279 | N227: 1.7984088 | O227: 1.5271534 | P227: 1.6046713 | Q227: 1.1851891 | S227: 1.7544295 | T227: 0.21721905 | U227: 2.5175349 | V227: 1.9256724 | W227: 1.0732615 | X227: 2.2113401 | Y227: 2.4658761 | Z227: 1.707345 | AA227: 2.8828461 | AB227: 1.7685862 | AC227: 1.4245849
A228: 227 | B228: 1.2988887 | C228: 1.1172652 | D228: 1.9143779 | E228: 1.3589271 | F228: 2.1158096 | G228: 1.7591561 | H228: 1.1854517 | I228: 0.5755848 | K228: 2.1396222 | L228: 1.6177015 | M228: 1.5020081 | N228: 1.8152373 | O228: 1.4841149 | P228: 1.6235519 | Q228: 1.1936429 | S228: 1.760408 | T228: 0.18947368 | U228: 2.8319889 | V228: 1.7016762 | W228: 1.1587467 | X228: 2.3614448 | Y228: 2.3585852 | Z228: 1.7417289 | AA228: 2.9181573 | AB228: 1.7967516 | AC228: 1.3870463
A229: 228 | B229: 1.3143337 | C229: 1.1398908 | D229: 2.1633414 | E229: 1.3138141 | F229: 1.9357609 | G229: 1.6629099 | H229: 1.2560204 | I229: 0.56053553 | K229: 2.0546043 | L229: 1.5346914 | M229: 1.4852418 | N229: 1.7985237 | O229: 1.3590549 | P229: 1.7579044 | Q229: 1.2029304 | S229: 1.8437519 | T229: 0.17628347 | U229: 2.9695618 | V229: 1.6707359 | W229: 0.99996958 | X229: 2.4649656 | Y229: 2.3161221 | Z229: 1.8588618 | AA229: 2.8549273 | AB229: 1.8326292 | AC229: 1.4645725
A230: 229 | B230: 1.2882334 | C230: 1.1039302 | D230: 2.3881158 | E230: 1.3468031 | F230: 1.6580267 | G230: 1.44574 | H230: 1.3028329 | I230: 0.5376053 | K230: 2.1449056 | L230: 1.8469431 | M230: 1.5314233 | N230: 1.7649543 | O230: 1.3589125 | P230: 1.7593402 | Q230: 1.2687747 | S230: 1.8933807 | T230: 0.17661458 | U230: 2.8499781 | V230: 1.8338509 | W230: 0.93964312 | X230: 2.5460467 | Y230: 2.3699523 | Z230: 1.9764618 | AA230: 2.8924333 | AB230: 1.9080516 | AC230: 1.4773723
A231: 230 | B231: 1.2234068 | C231: 1.1335786 | D231: 2.2660321 | E231: 1.2595274 | F231: 1.6461085 | G231: 1.4083722 | H231: 1.4248501 | I231: 0.52012361 | K231: 2.1717367 | L231: 1.7510067 | M231: 1.590639 | N231: 1.8078 | O231: 1.330454 | P231: 1.6719545 | Q231: 1.3966315 | S231: 1.8987723 | T231: 0.19292527 | U231: 2.3934558 | V231: 2.0233383 | W231: 1.0495869 | X231: 2.2775368 | Y231: 2.4504184 | Z231: 1.9628748 | AA231: 2.8258216 | AB231: 1.8768076 | AC231: 1.6152113
A232: 231 | B232: 1.1257554 | C232: 1.0662128 | D232: 2.4381217 | E232: 1.2534527 | F232: 1.2999555 | G232: 1.5875644 | H232: 1.5015075 | I232: 0.52767639 | K232: 2.2016434 | L232: 1.4149861 | M232: 1.7034007 | N232: 1.7577036 | O232: 1.4171585 | P232: 1.5302058 | Q232: 1.6625219 | S232: 1.8756206 | T232: 0.20069794 | U232: 2.0941645 | V232: 2.0164778 | W232: 1.121667 | X232: 2.4614679 | Y232: 2.5245054 | Z232: 1.982144 | AA232: 2.8740753 | AB232: 1.8450092 | AC232: 1.6116473
A233: 232 | B233: 1.0802874 | C233: 1.0855868 | D233: 2.379949 | E233: 1.1779222 | F233: 1.0656219 | G233: 1.6249595 | H233: 1.4596534 | I233: 0.51987198 | K233: 2.2888764 | L233: 1.6234948 | M233: 1.6462061 | N233: 1.7312409 | O233: 1.4611683 | P233: 1.3608219 | Q233: 1.6999628 | S233: 1.8358812 | T233: 0.20349005 | U233: 2.1423047 | V233: 2.0200048 | W233: 1.2288399 | X233: 2.4475736 | Y233: 2.570823 | Z233: 2.012033 | AA233: 2.7926978 | AB233: 1.8109746 | AC233: 1.7060883
... A248: 247 | B248: 1.1338133 | C248: 1.3289305 | D248: 1.6893401 | E248: 1.4445198 | F248: 0.112365 | G248: 1.5490865 | H248: 1.8771208 | I248: 0.37920995 | K248: 2.9206002 | L248: 1.9830069 | M248: 1.8427905 | N248: 1.7121156 | O248: 1.5750561 | P248: 1.6119669 | Q248: 1.788468 | S248: 1.5676123 | T248: 0.13576974 | U248: 2.2116516 | V248: 1.8403566 | W248: 2.0591505 | X248: 2.5930473 | Y248: 2.8518457 | Z248: 2.0043484 | AA248: 2.7530241 | AB248: 1.5459053 | AC248: 2.2447452
A249: 248 | B249: 1.0317066 | C249: 1.4559529 | D249: 1.5444147 | E249: 1.6442506 | G249: 1.6719854 | H249: 1.8859196 | I249: 0.39522429 | K249: 3.0807483 | L249: 1.854853 | M249: 1.874533 | N249: 1.7269705 | O249: 1.6844077 | P249: 1.760789 | Q249: 1.7596596 | S249: 1.5456513 | T249: 0.13566902 | U249: 2.0741501 | V249: 1.8349414 | W249: 1.9803534 | X249: 2.6066049 | Y249: 2.7826947 | Z249: 1.8908743 | AA249: 2.6922644 | AB249: 1.6423512 | AC249: 2.2779676
A250: 249 | B250: 0.94013408 | C250: 1.5169124 | D250: 1.6834839 | E250: 1.6941077 | G250: 1.7016593 | H250: 1.9468055 | I250: 0.38990749 | K250: 2.9188476 | L250: 2.0192235 | M250: 1.882539 | N250: 1.831052 | O250: 1.570588 | P250: 1.8534445 | Q250: 1.7895722 | S250: 1.5991071 | T250: 0.14140535 | U250: 2.0251119 | V250: 1.9096709 | W250: 1.9792973 | X250: 2.9063682 | Y250: 2.6883676 | Z250: 1.8332414 | AA250: 2.7507854 | AB250: 1.6832304 | AC250: 2.3744617
A251: 250 | B251: 0.90739966 | C251: 1.5393246 | D251: 1.7948939 | E251: 1.8071692 | G251: 1.7412342 | H251: 1.9018717 | I251: 0.40433826 | K251: 2.9519247 | L251: 2.0737188 | M251: 1.845639 | N251: 2.0152814 | O251: 1.4538928 | P251: 2.0047082 | Q251: 1.9591333 | S251: 1.5989088 | T251: 0.14374888 | U251: 2.2707668 | V251: 1.8971787 | W251: 1.7464643 | X251: 2.9826621 | Y251: 2.629562 | Z251: 1.8000695 | AA251: 2.6295285 | AB251: 1.6752446 | AC251: 2.4313004
A252: 251 | B252: 0.82353853 | C252: 1.452578 | D252: 1.7296726 | E252: 1.8515019 | G252: 1.8563411 | H252: 1.7852864 | I252: 0.44115817 | K252: 2.9660973 | L252: 1.9933705 | M252: 1.6897602 | N252: 2.1244922 | O252: 1.4289624 | P252: 2.0734335 | Q252: 2.1796157 | S252: 1.5962404 | T252: 0.15548144 | U252: 2.4178176 | V252: 1.9082972 | W252: 1.7713869 | X252: 2.8966806 | Y252: 2.6010634 | Z252: 1.7298372 | AA252: 2.7551473 | AB252: 1.6493258 | AC252: 2.4021733
A253: 252 | B253: 0.73083583 | C253: 1.4867641 | D253: 1.7142132 | E253: 1.723584 | G253: 1.7145616 | H253: 1.8130626 | I253: 0.45787683 | K253: 2.7091957 | L253: 2.1888609 | M253: 1.7367524 | N253: 2.1299506 | O253: 1.5708031 | P253: 1.9181157 | Q253: 2.0886453 | S253: 1.6057844 | T253: 0.1628241 | U253: 2.5051726 | V253: 1.9178329 | W253: 1.6745287 | X253: 2.7804744 | Y253: 2.6098382 | Z253: 1.736447 | AA253: 2.7990433 | AB253: 1.7004862 | AC253: 2.5615697
A254: 253 | B254: 0.64086193 | C254: 1.4093917 | D254: 1.8108364 | E254: 1.8811816 | G254: 1.4663976 | H254: 1.7845997 | I254: 0.4759195 | K254: 2.5189924 | L254: 1.7701166 | M254: 1.8193167 | N254: 2.2744903 | O254: 1.7245539 | P254: 2.126509 | Q254: 1.8589045 | S254: 1.5633582 | T254: 0.17193358 | U254: 2.6128392 | V254: 1.8774973 | W254: 1.6469305 | X254: 2.686036 | Y254: 2.6066052 | Z254: 1.737846 | AA254: 2.8782334 | AB254: 1.6963494 | AC254: 2.6555916
A255: 254 | B255: 0.58045347 | C255: 1.3127866 | D255: 1.8190467 | E255: 1.9151181 | G255: 1.3719849 | H255: 1.792558 | I255: 0.47642929 | K255: 2.4560645 | L255: 1.8809985 | M255: 1.8262277 | N255: 2.3133865 | O255: 1.7474116 | P255: 2.116827 | Q255: 1.5716812 | S255: 1.614614 | T255: 0.18117506 | U255: 2.697978 | V255: 1.8967987 | W255: 1.6405895 | X255: 2.3187051 | Y255: 2.6189865 | Z255: 1.7608378 | AA255: 2.910775 | AB255: 1.6493588 | AC255: 2.7179587
A256: 255 | B256: 0.53575011 | C256: 1.313884 | D256: 1.6360508 | E256: 1.9839971 | G256: 1.3205908 | H256: 1.7724345 | I256: 0.49896611 | K256: 2.3051608 | L256: 2.1350775 | M256: 1.7740682 | N256: 2.2885057 | O256: 1.7444893 | P256: 2.0780269 | Q256: 1.5347989 | S256: 1.5769221 | T256: 0.16810711 | U256: 2.4320526 | V256: 1.8397867 | W256: 1.6522696 | X256: 2.3558558 | Y256: 2.6178911 | Z256: 1.7101796 | AA256: 3.0136916 | AB256: 1.4481402 | AC256: 2.7524705
A257: 256 | B257: 0.48572716 | C257: 1.3031928 | D257: 1.6183423 | E257: 1.9905046 | G257: 1.3341931 | H257: 1.7788726 | I257: 0.51637712 | K257: 2.4257619 | L257: 2.3813939 | M257: 1.8258244 | N257: 2.2492067 | O257: 1.7134384 | P257: 1.9362213 | Q257: 1.6934539 | S257: 1.5428454 | T257: 0.16251262 | U257: 2.0755546 | V257: 1.8882257 | W257: 1.7369195 | X257: 2.4219733 | Y257: 2.7036414 | Z257: 1.7347429 | AA257: 3.0674458 | AB257: 1.234857 | AC257: 2.7605533
A258: 257 | B258: 0.47983719 | C258: 1.296141 | D258: 1.6889065 | E258: 1.9384448 | G258: 1.4148499 | H258: 1.8130297 | I258: 0.53255536 | K258: 2.4485158 | L258: 2.2020084 | M258: 1.7887025 | N258: 2.1594421 | O258: 1.6029762 | P258: 1.7466142 | Q258: 1.8296483 | S258: 1.5067909 | T258: 0.16039223 | U258: 1.8471522 | V258: 1.7240038 | W258: 1.7739882 | X258: 2.8632946 | Y258: 2.7903729 | Z258: 1.6978651 | AA258: 3.0843203 | AB258: 1.0439296 | AC258: 2.6394723
A259: 258 | B259: 0.46952582 | C259: 1.347147 | D259: 1.5796047 | E259: 1.8831041 | G259: 1.6490577 | H259: 1.8854281 | I259: 0.6194894 | K259: 2.5148413 | L259: 2.4528402 | M259: 1.9572064 | N259: 2.2414236 | O259: 1.5880888 | P259: 1.7287344 | Q259: 1.6877137 | S259: 1.4430287 | T259: 0.17022582 | U259: 1.8108796 | V259: 1.786068 | W259: 1.6741699 | X259: 3.0252115 | Y259: 2.8926406 | Z259: 1.6960623 | AA259: 2.9871461 | AB259: 0.84314639 | AC259: 2.4242434
A260: 259 | B260: 0.42895522 | C260: 1.306631 | D260: 1.7352235 | E260: 1.8398898 | G260: 2.0186578 | H260: 1.9736769 | I260: 0.61115183 | K260: 2.6610379 | L260: 2.3406263 | M260: 1.9896546 | N260: 2.1323442 | O260: 1.5489759 | P260: 1.5687052 | Q260: 1.597814 | S260: 1.3928321 | T260: 0.19006923 | U260: 1.7602955 | V260: 1.6702159 | W260: 1.6495029 | X260: 3.0614441 | Y260: 2.9120904 | Z260: 1.6831868 | AA260: 2.9862157 | AB260: 0.66704629 | AC260: 2.3850532
... A270: 269 | B270: 0.3188932 | C270: 1.3528579 | D270: 1.3147915 | E270: 1.9994818 | G270: 2.9271288 | H270: 1.7353848 | I270: 0.51740061 | K270: 2.5724369 | L270: 2.0869676 | M270: 1.7702094 | N270: 2.2496673 | O270: 1.8356142 | P270: 1.6219768 | Q270: 1.7450406 | S270: 1.6521119 | T270: 0.16608604 | U270: 1.9884071 | V270: 2.0819697 | W270: 1.7267142 | X270: 2.3269263 | Y270: 2.6701972 | Z270: 1.9481339 | AA270: 2.5019206 | AB270: 0.10075717 | AC270: 2.4286665
A271: 270 | B271: 0.37331096 | C271: 1.2928787 | D271: 1.3921802 | E271: 2.0467187 | G271: 2.9183003 | H271: 1.5964285 | I271: 0.54581271 | K271: 2.7295989 | L271: 2.0823924 | M271: 1.8575638 | N271: 2.2519011 | O271: 2.0461467 | P271: 1.434099 | Q271: 1.6754482 | S271: 1.6450085 | T271: 0.15908829 | U271: 2.0369914 | V271: 2.0874786 | W271: 1.6545711 | X271: 2.3409952 | Y271: 2.5302663 | Z271: 1.9575431 | AA271: 2.6369056 | AC271: 2.4405664
A272: 271 | B272: 0.39122166 | C272: 1.2390158 | D272: 1.3490618 | E272: 2.1166846 | G272: 2.6419113 | H272: 1.476051 | I272: 0.56581864 | K272: 2.520926 | L272: 2.0679976 | M272: 1.9067619 | N272: 2.1930332 | O272: 2.2801628 | P272: 1.5306582 | Q272: 1.7563636 | S272: 1.6217397 | T272: 0.14623189 | U272: 2.0478392 | V272: 2.2905122 | W272: 1.6380973 | X272: 2.5865368 | Y272: 2.5486957 | Z272: 1.9709657 | AA272: 2.686633 | AC272: 2.3500885
A273: 272 | B273: 0.37209721 | C273: 1.2532122 | D273: 1.3903537 | E273: 2.1073956 | G273: 2.571087 | H273: 1.3525353 | I273: 0.5745118 | K273: 2.3450744 | L273: 1.7881012 | M273: 1.8738329 | N273: 2.1881504 | O273: 2.5202921 | P273: 1.739701 | Q273: 1.7002945 | S273: 1.6480356 | T273: 0.14380369 | U273: 2.2107704 | V273: 2.2205301 | W273: 1.7066457 | X273: 2.950439 | Y273: 2.5138765 | Z273: 1.9695141 | AA273: 2.8106714 | AC273: 2.1708836
A274: 273 | B274: 0.33757753 | C274: 1.3270783 | D274: 1.3095597 | E274: 2.0765357 | G274: 2.7095705 | H274: 1.2607496 | I274: 0.56260707 | K274: 1.9321084 | L274: 1.8970626 | M274: 1.7543019 | N274: 2.1864581 | O274: 2.7567206 | P274: 1.8503353 | Q274: 1.6211483 | S274: 1.644111 | T274: 0.14396646 | U274: 2.2956312 | V274: 2.2309418 | W274: 1.6059925 | X274: 2.9965075 | Y274: 2.5344526 | Z274: 1.9417909 | AA274: 2.9299766 | AC274: 2.035306
A275: 274 | B275: 0.31603128 | C275: 1.34501 | D275: 1.2614084 | E275: 2.129367 | G275: 3.0279107 | H275: 1.1286084 | I275: 0.56202559 | K275: 1.6475836 | L275: 2.4959159 | M275: 1.7979025 | N275: 2.1190736 | O275: 2.9807785 | P275: 1.9725432 | Q275: 1.6348289 | S275: 1.6212583 | T275: 0.15285627 | U275: 2.3062307 | V275: 2.0881121 | W275: 1.6315084 | X275: 3.0038148 | Y275: 2.466001 | Z275: 1.8121333 | AA275: 2.9019205 | AC275: 1.8911966
A276: 275 | B276: 0.28244803 | C276: 1.411663 | D276: 1.335516 | E276: 2.1093384 | G276: 3.014492 | H276: 1.1243527 | I276: 0.57798945 | K276: 1.4089664 | L276: 2.6384271 | M276: 1.7841953 | N276: 2.1075761 | O276: 3.0569259 | P276: 2.0964314 | Q276: 1.5791952 | S276: 1.6940362 | T276: 0.15540689 | U276: 2.2206319 | V276: 1.5936566 | W276: 1.7116315 | X276: 2.7532015 | Y276: 2.3700181 | Z276: 1.7985326 | AA276: 2.9764282 | AC276: 1.7668157
A277: 276 | B277: 0.27731498 | C277: 1.4704701 | D277: 1.4860421 | E277: 2.1949518 | G277: 3.03237 | H277: 1.05671 | I277: 0.44159352 | K277: 1.2042318 | L277: 2.1212469 | M277: 1.8206759 | N277: 2.2433876 | O277: 3.0897724 | P277: 2.1368193 | Q277: 1.7205387 | S277: 1.6416275 | T277: 0.16055105 | U277: 1.7196729 | V277: 1.2262037 | W277: 1.8681662 | X277: 2.7667477 | Y277: 2.2184362 | Z277: 1.9804625 | AA277: 2.8578665 | AC277: 1.6802993
A278: 277 | B278: 0.26471124 | C278: 1.4670996 | D278: 1.5352977 | E278: 2.1855142 | G278: 3.3143783 | H278: 0.95925994 | I278: 0.33950216 | K278: 0.97413963 | L278: 2.3634832 | M278: 1.7597935 | N278: 2.1606246 | O278: 3.3243253 | P278: 2.2964916 | Q278: 2.0214204 | S278: 1.5863326 | T278: 0.16307119 | U278: 1.2489498 | V278: 1.0528318 | W278: 1.8465897 | X278: 2.9488498 | Y278: 2.1119076 | Z278: 2.0690013 | AA278: 2.8362334 | AC278: 1.5926595
A279: 278 | B279: 0.26751232 | C279: 1.4353294 | D279: 1.5731698 | E279: 2.2275471 | G279: 3.460075 | H279: 0.92394341 | I279: 0.26153746 | K279: 0.78400609 | L279: 2.8686566 | M279: 1.7393514 | N279: 2.0447754 | O279: 3.3978974 | P279: 2.5695564 | Q279: 2.3415913 | S279: 1.5383802 | T279: 0.15710491 | U279: 1.0678894 | V279: 0.95770352 | W279: 1.9045559 | X279: 2.9352052 | Y279: 1.9430486 | Z279: 2.0924702 | AA279: 2.799829 | AC279: 1.3995122
A280: 279 | B280: 0.28487859 | C280: 1.3761901 | D280: 1.6008881 | E280: 2.238272 | G280: 3.3898905 | H280: 0.84304727 | I280: 0.21406667 | K280: 0.71520044 | L280: 2.9200823 | M280: 1.6746434 | N280: 1.9936834 | O280: 2.9764684 | P280: 2.3747527 | Q280: 2.3629837 | S280: 1.594155 | T280: 0.1529949 | U280: 0.93418054 | V280: 0.83625443 | W280: 1.9051747 | X280: 2.7480328 | Y280: 1.8445429 | Z280: 2.2404876 | AA280: 2.7672889 | AC280: 1.2808525
A281: 280 | B281: 0.30555995 | C281: 1.3600501 | D281: 1.5715743 | E281: 2.2566149 | G281: 3.2375418 | H281: 0.78430082 | I281: 0.18421204 | K281: 0.64141477 | L281: 2.6288134 | M281: 1.5916926 | N281: 2.1168521 | O281: 3.0373341 | P281: 2.268691 | Q281: 2.1980478 | S281: 1.6541796 | T281: 0.1502723 | U281: 0.87215764 | V281: 0.69360628 | W281: 1.9873086 | X281: 2.5792487 | Y281: 1.6173837 | Z281: 2.344766 | AA281: 2.8363733 | AC281: 1.1278701
A282: 281 | B282: 0.29973901 | C282: 1.2949544 | D282: 1.5833284 | E282: 2.2133027 | G282: 3.1486446 | H282: 0.76407817 | I282: 0.16368245 | K282: 0.58424517 | L282: 2.1589513 | M282: 1.5018196 | N282: 2.2081338 | O282: 3.376504 | P282: 2.1735952 | Q282: 1.9892745 | S282: 1.7618906 | T282: 0.14181289 | U282: 0.75608142 | V282: 0.58362099 | W282: 2.0719096 | X282: 2.4839972 | Y282: 1.4164827 | Z282: 2.2351581 | AA282: 2.8564809 | AC282: 1.0917417
... A284: 283 | B284: 0.28057235 | C284: 1.2799262 | D284: 1.713626 | E284: 2.2262386 | G284: 2.9984902 | H284: 0.73858305 | I284: 0.10946942 | K284: 0.48917107 | L284: 2.7872249 | M284: 1.5645602 | N284: 2.2704918 | O284: 2.8720714 | P284: 1.9373867 | Q284: 1.7474031 | S284: 1.9120109 | T284: 0.12759968 | U284: 0.52695366 | V284: 0.3524896 | W284: 2.0208331 | X284: 2.623295 | Y284: 1.0373156 | Z284: 2.1534351 | AA284: 2.6034428 | AC284: 0.94835352
A285: 284 | B285: 0.26982259 | C285: 1.2725612 | D285: 1.6491721 | E285: 2.1427134 | G285: 2.8272164 | H285: 0.76606744 | K285: 0.42650421 | L285: 2.9003191 | M285: 1.5218407 | N285: 2.172769 | O285: 2.9898264 | P285: 1.9198527 | Q285: 1.6064263 | S285: 1.9980567 | T285: 0.12865511 | U285: 0.43767158 | V285: 0.25068009 | W285: 2.1093515 | X285: 2.806413 | Y285: 0.88260345 | Z285: 2.0876273 | AA285: 2.5968485 | AC285: 0.84752025
A286: 285 | B286: 0.28198041 | C286: 1.2623456 | D286: 1.6806217 | E286: 2.1488057 | G286: 2.8539223 | H286: 0.77548341 | K286: 0.36459199 | L286: 2.5670949 | M286: 1.5461272 | N286: 2.2224473 | O286: 2.8901126 | P286: 1.8577097 | Q286: 1.8458825 | S286: 2.0037328 | T286: 0.13624269 | U286: 0.36231699 | V286: 0.1988633 | W286: 2.199599 | X286: 2.9866096 | Y286: 0.73404403 | Z286: 2.1257824 | AA286: 2.6693137 | AC286: 0.77822406
A287: 286 | B287: 0.28708775 | C287: 1.3510951 | D287: 1.5871195 | E287: 2.1314474 | G287: 2.9571115 | H287: 0.7512936 | K287: 0.30924172 | L287: 2.3957353 | M287: 1.4588396 | N287: 2.2420448 | O287: 2.6915048 | P287: 1.6587102 | Q287: 2.222687 | S287: 1.9921571 | T287: 0.13482555 | U287: 0.31028068 | V287: 0.16084757 | W287: 2.0742701 | X287: 3.005666 | Y287: 0.63883357 | Z287: 2.2226327 | AA287: 2.9341999 | AC287: 0.71203744
A288: 287 | B288: 0.28495794 | C288: 1.4147507 | D288: 1.3979152 | E288: 2.1936554 | G288: 3.0888092 | H288: 0.67066756 | K288: 0.2695613 | L288: 2.526766 | M288: 1.5389972 | N288: 2.1807319 | O288: 2.6432468 | P288: 1.6752487 | Q288: 2.1728222 | S288: 2.0187207 | T288: 0.13352725 | U288: 0.28595584 | V288: 0.13387807 | W288: 1.7961995 | X288: 2.9922247 | Y288: 0.51849865 | Z288: 2.3528516 | AA288: 2.9732196 | AC288: 0.65799787
A289: 288 | B289: 0.28135752 | C289: 1.5093916 | D289: 1.4807988 | E289: 2.3172689 | G289: 3.128802 | H289: 0.62002399 | K289: 0.2439273 | L289: 2.6299957 | M289: 1.7045112 | N289: 2.0960851 | O289: 2.546534 | P289: 1.6611036 | Q289: 2.3806203 | S289: 1.8474904 | T289: 0.12756728 | U289: 0.24724805 | V289: 0.11328685 | W289: 1.6411748 | X289: 2.8509571 | Y289: 0.4116921 | Z289: 2.3537617 | AA289: 3.0935482 | AC289: 0.61443131
A290: 289 | B290: 0.28921621 | C290: 1.6432624 | D290: 1.3867367 | E290: 2.3563094 | G290: 3.2388897 | H290: 0.60136046 | K290: 0.21264522 | L290: 2.38373 | M290: 1.7700884 | N290: 2.0844543 | O290: 2.2682566 | P290: 1.5994803 | Q290: 2.6108555 | S290: 1.7647766 | T290: 0.12269586 | U290: 0.21903803 | V290: 0.099972685 | W290: 1.7602163 | X290: 2.8841567 | Y290: 0.35188332 | Z290: 2.3355529 | AA290: 3.1089942 | AC290: 0.5515424
A291: 290 | B291: 0.30633053 | C291: 1.6734056 | D291: 1.2078503 | E291: 2.3926399 | G291: 3.0565008 | H291: 0.58104656 | K291: 0.19250453 | L291: 2.3947085 | M291: 1.7588221 | N291: 2.0365814 | O291: 2.2682683 | P291: 1.6182928 | Q291: 2.6044215 | S291: 1.6728126 | T291: 0.12525325 | U291: 0.20097832 | W291: 1.8204399 | X291: 2.7752156 | Y291: 0.29586025 | Z291: 2.2901842 | AA291: 3.0569036 | AC291: 0.51601965
A292: 291 | B292: 0.30773 | C292: 1.7179917 | D292: 1.3489953 | E292: 2.4196989 | G292: 3.129856 | H292: 0.65885391 | K292: 0.17979314 | L292: 2.6180361 | M292: 1.8170862 | N292: 2.0366001 | O292: 2.2718718 | P292: 1.5658213 | Q292: 2.6700048 | S292: 1.6956626 | T292: 0.1299219 | U292: 0.174421 | W292: 1.9050716 | X292: 2.6733181 | Y292: 0.24884805 | Z292: 2.5052929 | AA292: 3.0152183 | AC292: 0.49480865
A293: 292 | B293: 0.3173918 | C293: 1.7807883 | D293: 1.4150641 | E293: 2.4375818 | G293: 3.1111153 | H293: 0.52289601 | K293: 0.15847787 | L293: 2.1197347 | M293: 1.8061418 | N293: 1.9838328 | O293: 2.1639108 | P293: 1.5423276 | Q293: 2.6483546 | S293: 1.7727137 | T293: 0.13145816 | U293: 0.15628689 | W293: 1.9585081 | X293: 2.8912368 | Y293: 0.20924527 | Z293: 2.3398305 | AA293: 2.9769861 | AC293: 0.45068294
A294: 293 | B294: 0.29194425 | C294: 1.7916698 | D294: 1.5144138 | E294: 2.56935 | G294: 3.1407094 | H294: 0.58291021 | K294: 0.14664804 | L294: 2.2696723 | M294: 1.6859717 | N294: 1.885311 | O294: 2.2114459 | P294: 1.5325589 | Q294: 2.2123807 | S294: 1.8356424 | T294: 0.13322329 | U294: 0.14024678 | W294: 1.9197624 | X294: 2.7757266 | Y294: 0.17630005 | Z294: 2.3353517 | AA294: 2.9214655 | AC294: 0.44420476
A295: 294 | B295: 0.26097736 | C295: 1.8042599 | D295: 1.6280062 | E295: 2.5891485 | G295: 2.8289099 | H295: 0.53471535 | K295: 0.13501156 | L295: 2.4394643 | M295: 1.6764356 | N295: 1.8330134 | O295: 2.3189324 | P295: 1.4864759 | Q295: 2.1964218 | S295: 1.9283319 | T295: 0.13538055 | U295: 0.12023096 | W295: 1.832823 | X295: 2.8985523 | Y295: 0.14562804 | Z295: 2.2999548 | AA295: 2.5727045 | AC295: 0.4541152
A296: 295 | B296: 0.25385005 | C296: 1.7333364 | D296: 1.6348634 | E296: 2.6129729 | G296: 2.7245984 | H296: 0.54286351 | K296: 0.12019363 | L296: 2.3194958 | M296: 1.7539328 | N296: 1.9347451 | O296: 2.2844977 | P296: 1.687308 | Q296: 2.2061775 | S296: 2.0712165 | T296: 0.13404001 | U296: 0.10812238 | W296: 1.6664884 | X296: 3.3293816 | Y296: 0.12999272 | Z296: 2.4358084 | AA296: 2.6010598 | AC296: 0.46146015
A297: 296 | B297: 0.26269459 | C297: 1.6913781 | D297: 1.6526876 | E297: 2.6825041 | G297: 2.7573846 | H297: 0.57466808 | K297: 0.10948259 | L297: 2.2399966 | M297: 1.8417362 | N297: 1.9340169 | O297: 2.3520753 | P297: 1.6138672 | Q297: 2.1020786 | S297: 2.1046857 | T297: 0.13377236 | W297: 1.644381 | X297: 3.2402476 | Y297: 0.11742861 | Z297: 2.5284307 | AA297: 2.4331879 | AC297: 0.47501576
A298: 297 | B298: 0.24489105 | C298: 1.622424 | D298: 1.7609583 | E298: 2.6322569 | G298: 2.7766108 | H298: 0.50507473 | K298: 0.10789051 | L298: 2.0497997 | M298: 1.9177803 | N298: 2.0689923 | O298: 2.3714441 | P298: 1.7541045 | Q298: 2.0944087 | S298: 2.0808555 | T298: 0.12947597 | W298: 1.7043489 | X298: 2.9367745 | Y298: 0.10565555 | Z298: 2.4231501 | AA298: 2.2865846 | AC298: 0.47590913
A299: 298 | B299: 0.20401495 | C299: 1.6318878 | D299: 1.7018951 | E299: 2.6187662 | G299: 2.8955183 | H299: 0.50611995 | L299: 1.9335337 | M299: 1.920316 | N299: 2.0085128 | O299: 2.3229081 | P299: 1.8852038 | Q299: 1.9942386 | S299: 2.0887539 | T299: 0.1323011 | W299: 1.8290181 | X299: 3.1058823 | Z299: 2.3256452 | AA299: 2.0188957 | AC299: 0.46643416
A300: 299 | B300: 0.15599922 | C300: 1.6819793 | D300: 1.7980266 | E300: 2.6019871 | G300: 2.9074889 | H300: 0.45858026 | L300: 1.8702072 | M300: 1.9321974 | N300: 1.5196494 | O300: 2.2771557 | P300: 1.7876649 | Q300: 2.0443383 | S300: 2.1105254 | T300: 0.13623791 | W300: 1.747845 | X300: 3.303647 | Z300: 2.1981643 | AA300: 1.8353188 | AC300: 0.4811241
A301: 300 | B301: 0.12859288 | C301: 1.6659896 | D301: 1.7331801 | E301: 2.6006115 | G301: 2.823376 | H301: 0.44092978 | L301: 1.8235847 | M301: 1.8584703 | N301: 1.2000566 | O301: 2.2662621 | P301: 1.8076381 | Q301: 2.0182499 | S301: 2.0676368 | T301: 0.13972995 | W301: 1.741846 | X301: 3.3404964 | Z301: 2.0132683 | AA301: 1.7244497 | AC301: 0.43709019
A302: 301 | C302: 1.6523762 | D302: 1.680173 | E302: 2.6595264 | G302: 2.824274 | H302: 0.38039117 | L302: 1.644443 | M302: 1.8583732 | N302: 0.94859512 | O302: 2.1876679 | P302: 1.9554177 | Q302: 1.9507064 | S302: 2.1210657 | T302: 0.13351366 | W302: 1.7388188 | X302: 3.1920135 | Z302: 1.9000817 | AA302: 1.6194346 | AC302: 0.39023752
A303: 302 | C303: 1.6946202 | D303: 1.81951 | E303: 2.6709979 | G303: 3.1033226 | H303: 0.39893228 | L303: 1.5772104 | M303: 1.9279131 | N303: 0.75863079 | O303: 2.1728161 | P303: 1.8176654 | Q303: 1.9311798 | S303: 2.0992571 | T303: 0.12940622 | W303: 1.8798926 | X303: 2.9705584 | Z303: 1.7970293 | AA303: 1.4247658 | AC303: 0.40193116
A304: 303 | C304: 1.7215976 | D304: 1.922513 | E304: 2.6430763 | G304: 3.469266 | H304: 0.43403054 | L304: 1.7899477 | M304: 2.0326455 | N304: 0.63509976 | O304: 2.0516101 | P304: 1.6101663 | Q304: 2.0696881 | S304: 2.03251 | T304: 0.12728584 | W304: 1.8176873 | X304: 1.4163792 | Z304: 1.7657348 | AA304: 1.1759162 | AC304: 0.4276861
A305: 304 | C305: 1.7220255 | D305: 1.9460816 | E305: 2.7413106 | G305: 3.6643164 | H305: 0.44477556 | L305: 1.9642869 | M305: 2.1243527 | N305: 0.55254799 | O305: 1.7563135 | P305: 1.1961576 | Q305: 2.0815442 | S305: 1.9857525 | T305: 0.12832585 | W305: 1.8613553 | X305: 0.87902205 | Z305: 1.8362927 | AA305: 0.91334529 | AC305: 0.41613358
A306: 305 | C306: 1.679952 | D306: 1.8378737 | E306: 2.7901192 | G306: 3.6093696 | H306: 0.42411389 | L306: 1.8272877 | M306: 2.1303743 | N306: 0.46199139 | O306: 1.8644533 | P306: 0.83967352 | Q306: 2.1201949 | S306: 1.9907497 | T306: 0.12799384 | W306: 1.8339531 | X306: 0.48652039 | Z306: 1.8564488 | AA306: 0.74924185 | AC306: 0.43306046
A307: 306 | C307: 1.6025657 | D307: 1.9284812 | E307: 2.8947027 | G307: 3.8421938 | H307: 0.4188884 | L307: 1.9880539 | M307: 2.0788929 | N307: 0.39221208 | O307: 2.1438486 | P307: 0.62678496 | Q307: 1.8144937 | S307: 2.0693193 | T307: 0.12408275 | W307: 1.8080943 | X307: 0.36918105 | Z307: 1.8500856 | AA307: 0.59419548 | AC307: 0.41880442
A308: 307 | C308: 1.5035416 | D308: 1.9963094 | E308: 2.9126448 | G308: 3.9006212 | H308: 0.42287537 | L308: 1.9471225 | M308: 2.0395812 | N308: 0.32708446 | O308: 2.3017719 | P308: 0.43076031 | Q308: 1.6424669 | S308: 2.1317671 | T308: 0.12116767 | W308: 1.9170297 | X308: 0.24538987 | Z308: 1.7301639 | AA308: 0.49084484 | AC308: 0.42029605
A309: 308 | C309: 1.4134128 | D309: 1.7548877 | E309: 3.0220836 | G309: 3.5943961 | H309: 0.38477636 | L309: 1.934582 | M309: 2.0076378 | N309: 0.27558579 | O309: 2.2677762 | P309: 0.31483047 | Q309: 1.2915135 | S309: 2.120949 | T309: 0.12446685 | W309: 1.9939567 | X309: 0.15342677 | Z309: 1.7067591 | AA309: 0.41269867 | AC309: 0.37790385
A310: 309 | C310: 1.4023239 | D310: 1.9195123 | E310: 3.109583 | G310: 3.4289937 | H310: 0.40349332 | L310: 1.6155124 | M310: 2.0167673 | N310: 0.22873647 | O310: 2.5127237 | P310: 0.22506053 | Q310: 0.87633701 | S310: 2.1089711 | T310: 0.12617449 | W310: 2.0396647 | X310: 0.11080926 | Z310: 1.6302837 | AA310: 0.35039198 | AC310: 0.32671484
A311: 310 | C311: 1.3245688 | D311: 2.0702505 | E311: 3.15266 | G311: 3.4603341 | H311: 0.43418592 | L311: 1.8630576 | M311: 2.0642366 | N311: 0.2045711 | O311: 2.3679546 | P311: 0.16748618 | Q311: 0.59863328 | S311: 2.1227782 | T311: 0.11951889 | W311: 1.9607249 | X311: 0.104522 | Z311: 1.7468331 | AA311: 0.3025233 | AC311: 0.31822636
A312: 311 | C312: 1.2955385 | D312: 2.0587037 | E312: 2.9052274 | G312: 3.1840918 | H312: 0.43255526 | L312: 2.0528393 | M312: 2.0608893 | N312: 0.17586183 | O312: 2.2399761 | P312: 0.14204229 | Q312: 0.52070069 | S312: 2.1630118 | T312: 0.1127484 | W312: 1.8410792 | Z312: 1.8010579 | AA312: 0.26513473 | AC312: 0.33138724
A313: 312 | C313: 1.2557892 | D313: 2.1253638 | E313: 2.7192286 | G313: 2.7126035 | H313: 0.46569295 | L313: 2.2254495 | M313: 2.1312087 | N313: 0.14894434 | O313: 2.1494741 | P313: 0.12329719 | Q313: 0.47692297 | S313: 2.1827305 | T313: 0.11058159 | W313: 1.7869172 | Z313: 1.7590504 | AA313: 0.22628272 | AC313: 0.34008383
A314: 313 | C314: 1.4222237 | D314: 2.0007938 | E314: 2.6466766 | G314: 2.2532918 | H314: 0.41987276 | L314: 2.1393644 | M314: 2.2192284 | N314: 0.13609151 | O314: 1.9347162 | P314: 0.11474418 | Q314: 0.43290699 | S314: 2.2205651 | T314: 0.10924067 | W314: 1.7918327 | Z314: 1.725152 | AA314: 0.19701082 | AC314: 0.3334977
A315: 314 | C315: 1.6236491 | D315: 1.8936346 | E315: 2.572397 | G315: 2.0627787 | H315: 0.39967304 | L315: 2.1036752 | M315: 2.1776603 | N315: 0.11792093 | O315: 1.9981473 | P315: 0.1007965 | Q315: 0.41045341 | S315: 2.2293376 | T315: 0.11008426 | W315: 1.7608528 | Z315: 1.753988 | AA315: 0.17567205 | AC315: 0.33467921
A316: 315 | C316: 1.5407167 | D316: 1.9378757 | E316: 2.4805312 | G316: 1.7956618 | H316: 0.37540812 | L316: 2.0384277 | M316: 1.9468264 | N316: 0.10133639 | O316: 2.1706077 | Q316: 0.3871521 | S316: 2.2105036 | T316: 0.11227068 | W316: 1.7075413 | Z316: 1.7870671 | AA316: 0.15723243 | AC316: 0.27894517
A317: 316 | C317: 1.466199 | D317: 2.3278059 | E317: 2.3561762 | G317: 1.5918096 | H317: 0.37469191 | L317: 1.9208908 | M317: 1.5493151 | O317: 2.4433889 | Q317: 0.36290299 | S317: 2.1407192 | T317: 0.11380404 | W317: 1.9257896 | Z317: 1.8288442 | AA317: 0.13807937 | AC317: 0.23922591
A318: 317 | C318: 1.6364296 | D318: 2.4972798 | E318: 2.3913428 | G318: 1.3289148 | H318: 0.36346307 | L318: 1.9902837 | M318: 1.1938873 | O318: 2.1475154 | Q318: 0.35176244 | S318: 2.0549508 | T318: 0.1245048 | W318: 1.8738379 | Z318: 1.7138917 | AA318: 0.1259019 | AC318: 0.18906733
...

Sheet Figures
A1: Distance from core | B1: JACK-35 | D1: HART-8 | M1: Distance from core | N1: Elson-26-6 | P1: C99-2-3 | R1: Marine | AA1: Elson-23-3 | AD1: NS water min | AE1: NS water max | AF1: NS average
A2: 0 | B2: 0.70975372 | C2: =AVERAGE(B2:B6) -> 0.70930566 | D2: 0.70948069 | E2: =AVERAGE(D2:D6) -> 0.70960011 | M2: 0 | N2: 0.70817736 | O2: =AVERAGE(N2:N6) -> 0.70768018 | P2: 0.70863095 | Q2: =AVERAGE(P2:P6) -> 0.70913171 | R2: 0.70918 | AA2: 0.71148507 | AB2: =AVERAGE(AA2:AA6) -> 0.71129027 | AD2: 0.7093 | AE2: 0.714305 | AF2: 0.711256
A3: 3 | B3: 0.7088805 | C3: =AVERAGE(B3:B7) -> 0.70920253 | D3: 0.70963318 | E3: =AVERAGE(D3:D7) -> 0.70964064 | M3: 3 | N3: 0.70670063 | O3: =AVERAGE(N3:N7) -> 0.70791984 | P3: 0.70975248 | Q3: =AVERAGE(P3:P7) -> 0.70931284 | R3: 0.70918 | AA3: 0.71349671 | AB3: =AVERAGE(AA3:AA7) -> 0.71061591 | AD3: 0.7093 | AE3: 0.714305 | AF3: 0.711256
A4: 6 | B4: 0.70899278 | C4: =AVERAGE(B4:B8) -> 0.70910194 | D4: 0.70980294 | E4: =AVERAGE(D4:D8) -> 0.70964743 | M4: 6 | N4: 0.7079258 | O4: =AVERAGE(N4:N8) -> 0.70818966 | P4: 0.70942019 | Q4: =AVERAGE(P4:P8) -> 0.70924881 | R4: 0.70918 | AA4: 0.7132432 | AB4: =AVERAGE(AA4:AA8) -> 0.70887214 | AD4: 0.7093 | AE4: 0.714305 | AF4: 0.711256
A5: 9 | B5: 0.70884382 | C5: =AVERAGE(B5:B9) -> 0.70915171 | D5: 0.70936751 | E5: =AVERAGE(D5:D9) -> 0.70961338 | M5: 9 | N5: 0.70828983 | O5: =AVERAGE(N5:N9) -> 0.70835595 | P5: 0.70868841 | Q5: =AVERAGE(P5:P9) -> 0.70906245 | R5: 0.70918 | AA5: 0.70345818 | AB5: =AVERAGE(AA5:AA9) -> 0.70821505 | AD5: 0.7093 | AE5: 0.714305 | AF5: 0.711256
A6: 12 | B6: 0.71005748 | C6: =AVERAGE(B6:B10) -> 0.70922542 | D6: 0.70971625 | E6: =AVERAGE(D6:D10) -> 0.70957597 | M6: 12 | N6: 0.70730726 | O6: =AVERAGE(N6:N10) -> 0.70841949 | P6: 0.70916653 | Q6: =AVERAGE(P6:P10) -> 0.70924957 | R6: 0.70918 | AA6: 0.71476819 | AB6: =AVERAGE(AA6:AA10) -> 0.71024102 | AD6: 0.7093 | AE6: 0.714305 | AF6: 0.711256
A7: 15 | B7: 0.70923809 | C7: =AVERAGE(B7:B11) -> 0.70908592 | D7: 0.70968334 | E7: =AVERAGE(D7:D11) -> 0.70955691 | M7: 15 | N7: 0.7093757 | O7: =AVERAGE(N7:N11) -> 0.70886137 | P7: 0.70953661 | Q7: =AVERAGE(P7:P11) -> 0.70919173 | R7: 0.70918 | AA7: 0.70811325 | AB7: =AVERAGE(AA7:AA11) -> 0.70814795 | AD7: 0.7093 | AE7: 0.714305 | AF7: 0.711256
A8: 18 | B8: 0.70837754 | C8: =AVERAGE(B8:B12) -> 0.70909397 | D8: 0.70966713 | E8: =AVERAGE(D8:D12) -> 0.7097311 | M8: 18 | N8: 0.70804969 | O8: =AVERAGE(N8:N12) -> 0.70856603 | P8: 0.70943231 | Q8: =AVERAGE(P8:P12) -> 0.70914915 | R8: 0.70918 | AA8: 0.7047779 | AB8: =AVERAGE(AA8:AA12) -> 0.70706042 | AD8: 0.7093 | AE8: 0.714305 | AF8: 0.711256
A9: 21 | B9: 0.70924164 | C9: =AVERAGE(B9:B13) -> 0.70920542 | D9: 0.70963266 | E9: =AVERAGE(D9:D13) -> 0.7097698 | M9: 21 | N9: 0.70875727 | O9: =AVERAGE(N9:N13) -> 0.70866441 | P9: 0.70848839 | Q9: =AVERAGE(P9:P13) -> 0.7091072 | R9: 0.70918 | AA9: 0.70995771 | AB9: =AVERAGE(AA9:AA13) -> 0.70825027 | AD9: 0.7093 | AE9: 0.714305 | AF9: 0.711256
A10: 24 | B10: 0.70921235 | C10: =AVERAGE(B10:B14) -> 0.70945178 | D10: 0.70918048 | E10: =AVERAGE(D10:D14) -> 0.7097366 | M10: 24 | N10: 0.70860751 | O10: =AVERAGE(N10:N14) -> 0.70871176 | P10: 0.70962404 | Q10: =AVERAGE(P10:P14) -> 0.70914586 | R10: 0.70918 | AA10: 0.71358804 | AB10: =AVERAGE(AA10:AA14) -> 0.70762854 | AD10: 0.7093 | AE10: 0.714305 | AF10: 0.711256
A11: 27 | B11: 0.70936 | C11: =AVERAGE(B11:B15) -> 0.70939351 | D11: 0.70962093 | E11: =AVERAGE(D11:D15) -> 0.70986098 | M11: 27 | N11: 0.70951666 | O11: =AVERAGE(N11:N15) -> 0.70850866 | P11: 0.70887728 | Q11: =AVERAGE(P11:P15) -> 0.70905651 | R11: 0.70918 | AA11: 0.70430286 | AB11: =AVERAGE(AA11:AA15) -> 0.70685377 | AD11: 0.7093 | AE11: 0.714305 | AF11: 0.711256
A12: 30 | B12: 0.70927832 | C12: =AVERAGE(B12:B16) -> 0.70922672 | D12: 0.71055427 | E12: =AVERAGE(D12:D16) -> 0.70984379 | M12: 30 | N12: 0.707899 | O12: =AVERAGE(N12:N16) -> 0.70818742 | P12: 0.70932371 | Q12: =AVERAGE(P12:P16) -> 0.70911797 | R12: 0.70918 | AA12: 0.70267561 | AB12: =AVERAGE(AA12:AA16) -> 0.70808308 | AD12: 0.7093 | AE12: 0.714305 | AF12: 0.711256
A13: 33 | B13: 0.70893479 | C13: =AVERAGE(B13:B17) -> 0.70915296 | D13: 0.70986067 | E13: =AVERAGE(D13:D17) -> 0.70970777 | M13: 33 | N13: 0.70854159 | O13: =AVERAGE(N13:N17) -> 0.70810095 | P13: 0.70922257 | Q13: =AVERAGE(P13:P17) -> 0.70910471 | R13: 0.70918 | AA13: 0.71072713 | AB13: =AVERAGE(AA13:AA17) -> 0.70910756 | AD13: 0.7093 | AE13: 0.714305 | AF13: 0.711256
... A62: 180 | B62: 0.70960689 | C62: =AVERAGE(B62:B66) -> 0.70922023 | D62: 0.70855207 | E62: =AVERAGE(D62:D66) -> 0.70911716 | M62: 180 | N62: 0.70799812 | O62: =AVERAGE(N62:N66) -> 0.70798762 | P62: 0.70941908 | Q62: =AVERAGE(P62:P66) -> 0.70958306 | R62: 0.70918 | AA62: 0.71663947 | AB62: =AVERAGE(AA62:AA66) -> 0.70877466 | AD62: 0.7093 | AE62: 0.714305 | AF62: 0.711256
A63: 183 | C63: =AVERAGE(B63:B67) -> 0.7089963 | D63: 0.70930887 | E63: =AVERAGE(D63:D67) -> 0.70918554 | M63: 183 | N63: 0.70781112 | O63: =AVERAGE(N63:N67) -> 0.70796223 | P63: 0.70925342 | Q63: =AVERAGE(P63:P67) -> 0.7096079 | R63: 0.70918 | AA63: 0.71116165 | AB63: =AVERAGE(AA63:AA67) -> 0.70752411 | AD63: 0.7093 | AE63: 0.714305 | AF63: 0.711256
A64: 186 | B64: 0.7094139 | C64: =AVERAGE(B64:B68) -> 0.70884725 | D64: 0.70903609 | E64: =AVERAGE(D64:D68) -> 0.70917627 | M64: 186 | N64: 0.70780919 | O64: =AVERAGE(N64:N68) -> 0.70799542 | P64: 0.71029304 | Q64: =AVERAGE(P64:P68) -> 0.70965001 | R64: 0.70918 | AA64: 0.70669638 | AB64: =AVERAGE(AA64:AA68) -> 0.70836635 | AD64: 0.7093 | AE64: 0.714305 | AF64: 0.711256
A65: 189 | B65: 0.70874829 | C65: =AVERAGE(B65:B69) -> 0.70862854 | D65: 0.70903297 | E65: =AVERAGE(D65:D69) -> 0.70921421 | M65: 189 | N65: 0.7081744 | O65: =AVERAGE(N65:N69) -> 0.70817642 | P65: 0.70947701 | Q65: =AVERAGE(P65:P69) -> 0.70949958 | R65: 0.70918 | AA65: 0.70255957 | AB65: =AVERAGE(AA65:AA69) -> 0.70887377 | AD65: 0.7093 | AE65: 0.714305 | AF65: 0.711256
A66: 192 | B66: 0.70911185 | C66: =AVERAGE(B66:B70) -> 0.7088741 | D66: 0.70965581 | E66: =AVERAGE(D66:D70) -> 0.70909892 | M66: 192 | N66: 0.70814524 | O66: =AVERAGE(N66:N70) -> 0.70838834 | P66: 0.70947275 | Q66: =AVERAGE(P66:P70) -> 0.70948444 | R66: 0.70918 | AA66: 0.70681624 | AB66: =AVERAGE(AA66:AA70) -> 0.71022455 | AD66: 0.7093 | AE66: 0.714305 | AF66: 0.711256
A67: 195 | B67: 0.70871117 | C67: =AVERAGE(B67:B71) -> 0.70874512 | D67: 0.70889394 | E67: =AVERAGE(D67:D71) -> 0.70892673 | M67: 195 | N67: 0.70787119 | O67: =AVERAGE(N67:N71) -> 0.70843125 | P67: 0.7095433 | Q67: =AVERAGE(P67:P71) -> 0.70938354 | R67: 0.70918 | AA67: 0.71038672 | AB67: =AVERAGE(AA67:AA71) -> 0.70957215 | AD67: 0.7093 | AE67: 0.714305 | AF67: 0.711256
A68: 198 | B68: 0.70825103 | C68: =AVERAGE(B68:B72) -> 0.70882848 | D68: 0.70926254 | E68: =AVERAGE(D68:D72) -> 0.70895491 | M68: 198 | N68: 0.70797709 | O68: =AVERAGE(N68:N72) -> 0.70851357 | P68: 0.70946394 | Q68: =AVERAGE(P68:P72) -> 0.70930697 | R68: 0.70918 | AA68: 0.71537283 | AB68: =AVERAGE(AA68:AA72) -> 0.70788381 | AD68: 0.7093 | AE68: 0.714305 | AF68: 0.711256
A69: 201 | B69: 0.70832034 | C69: =AVERAGE(B69:B73) -> 0.70902204 | D69: 0.70922579 | E69: =AVERAGE(D69:D73) -> 0.70872496 | M69: 201 | N69: 0.70871415 | O69: =AVERAGE(N69:N73) -> 0.70866463 | P69: 0.70954091 | Q69: =AVERAGE(P69:P73) -> 0.70927155 | R69: 0.70918 | AA69: 0.70923351 | AB69: =AVERAGE(AA69:AA73) -> 0.70702749 | AD69: 0.7093 | AE69: 0.714305 | AF69: 0.711256
A70: 204 | B70: 0.7099761 | C70: =AVERAGE(B70:B74) -> 0.70914945 | D70: 0.70845651 | E70: =AVERAGE(D70:D74) -> 0.70860342 | M70: 204 | N70: 0.709234 | O70: =AVERAGE(N70:N74) -> 0.7086062 | P70: 0.7094013 | Q70: =AVERAGE(P70:P74) -> 0.70922101 | R70: 0.70918 | AA70: 0.70931345 | AB70: =AVERAGE(AA70:AA74) -> 0.70770479 | AD70: 0.7093 | AE70: 0.714305 | AF70: 0.711256
A71: 207 | B71: 0.70846695 | C71: =AVERAGE(B71:B75) -> 0.70869911 | D71: 0.70879485 | E71: =AVERAGE(D71:D75) -> 0.70854812 | M71: 207 | N71: 0.7083598 | O71: =AVERAGE(N71:N75) -> 0.70853558 | P71: 0.70896823 | Q71: =AVERAGE(P71:P75) -> 0.70912402 | R71: 0.70918 | AA71: 0.70355426 | AB71: =AVERAGE(AA71:AA75) -> 0.70767472 | AD71: 0.7093 | AE71: 0.714305 | AF71: 0.711256
A72: 210 | B72: 0.709128 | C72: =AVERAGE(B72:B76) -> 0.70891726 | D72: 0.70903484 | E72: =AVERAGE(D72:D76) -> 0.70863429 | M72: 210 | N72: 0.70828283 | O72: =AVERAGE(N72:N76) -> 0.70842649 | P72: 0.70916045 | Q72: =AVERAGE(P72:P76) -> 0.70923275 | R72: 0.70918 | AA72: 0.70194499 | AB72: =AVERAGE(AA72:AA76) -> 0.70892576 | AD72: 0.7093 | AE72: 0.714305 | AF72: 0.711256
A73: 213 | B73: 0.70921881 | C73: =AVERAGE(B73:B77) -> 0.70886457 | D73: 0.70811282 | E73: =AVERAGE(D73:D77) -> 0.70865295 | M73: 213 | N73: 0.70873235 | O73: =AVERAGE(N73:N77) -> 0.70853279 | P73: 0.70928687 | Q73: =AVERAGE(P73:P77) -> 0.70915197 | R73: 0.70918 | AA73: 0.71109124 | AB73: =AVERAGE(AA73:AA77) -> 0.71114613 | AD73: 0.7093 | AE73: 0.714305 | AF73: 0.711256
A74: 216 | B74: 0.7089574 | C74: =AVERAGE(B74:B78) -> 0.70900691 | D74: 0.70861809 | E74: =AVERAGE(D74:D78) -> 0.70873722 | M74: 216 | N74: 0.70842203 | O74: =AVERAGE(N74:N78) -> 0.70852019 | P74: 0.70928819 | Q74: =AVERAGE(P74:P78) -> 0.70898376 | R74: 0.70918 | AA74: 0.71261999 | AB74: =AVERAGE(AA74:AA78) -> 0.71282238 | AD74: 0.7093 | AE74: 0.714305 | AF74: 0.711256
A75: 219 | B75: 0.7077244 | C75: =AVERAGE(B75:B79) -> 0.70909643 | D75: 0.70818002 | E75: =AVERAGE(D75:D79) -> 0.70884959 | M75: 219 | N75: 0.70888092 | O75: =AVERAGE(N75:N79) -> 0.70867211 | P75: 0.70891633 | Q75: =AVERAGE(P75:P79) -> 0.70913418 | R75: 0.70918 | AA75: 0.7091631 | AB75: =AVERAGE(AA75:AA79) -> 0.71210674 | AD75: 0.7093 | AE75: 0.714305 | AF75: 0.711256
A76: 222 | B76: 0.70955767 | C76: =AVERAGE(B76:B80) -> 0.70924438 | D76: 0.7092257 | E76: =AVERAGE(D76:D80) -> 0.70882008 | M76: 222 | N76: 0.7078143 | O76: =AVERAGE(N76:N80) -> 0.70862702 | P76: 0.70951191 | Q76: =AVERAGE(P76:P80) -> 0.70923329 | R76: 0.70918 | AA76: 0.70980948 | AB76: =AVERAGE(AA76:AA80) -> 0.71430638 | AD76: 0.7093 | AE76: 0.714305 | AF76: 0.711256
A77: 225 | C77: =AVERAGE(B77:B81) -> 0.70916047 | D77: 0.70912811 | E77: =AVERAGE(D77:D81) -> 0.70871564 | M77: 225 | N77: 0.70881433 | O77: =AVERAGE(N77:N81) -> 0.70883663 | P77: 0.70875653 | Q77: =AVERAGE(P77:P81) -> 0.70902644 | R77: 0.70918 | AA77: 0.71304682 | AB77: =AVERAGE(AA77:AA81) -> 0.71478835 | AD77: 0.7093 | AE77: 0.714305 | AF77: 0.711256
A78: 228 | B78: 0.70978816 | C78: =AVERAGE(B78:B82) -> 0.70908121 | D78: 0.70853418 | E78: =AVERAGE(D78:D82) -> 0.70868104 | M78: 228 | N78: 0.70866936 | O78: =AVERAGE(N78:N82) -> 0.70884681 | P78: 0.70844584 | Q78: =AVERAGE(P78:P82) -> 0.70913571 | R78: 0.70918 | AA78: 0.71947248 | AB78: =AVERAGE(AA78:AA82) -> 0.71274679 | AD78: 0.7093 | AE78: 0.714305 | AF78: 0.711256
A79: 231 | B79: 0.70931547 | C79: =AVERAGE(B79:B83) -> 0.70874727 | D79: 0.70917995 | E79: =AVERAGE(D79:D83) -> 0.70869735 | M79: 231 | N79: 0.70918163 | O79: =AVERAGE(N79:N83) -> 0.70881539 | P79: 0.71004028 | Q79: =AVERAGE(P79:P83) -> 0.70920026 | R79: 0.70918 | AA79: 0.70904181 | AB79: =AVERAGE(AA79:AA83) -> 0.71005556 | AD79: 0.7093 | AE79: 0.714305 | AF79: 0.711256
A80: 234 | B80: 0.7083162 | C80: =AVERAGE(B80:B84) -> 0.70869793 | D80: 0.70803245 | E80: =AVERAGE(D80:D84) -> 0.70850148 | M80: 234 | N80: 0.70865547 | O80: =AVERAGE(N80:N84) -> 0.70872051 | P80: 0.70941189 | Q80: =AVERAGE(P80:P84) -> 0.7091245 | R80: 0.70918 | AA80: 0.7201613 | AB80: =AVERAGE(AA80:AA84) -> 0.70928248 | AD80: 0.7093 | AE80: 0.714305 | AF80: 0.711256
A81: 237 | B81: 0.70922204 | C81: =AVERAGE(B81:B85) -> 0.70874555 | D81: 0.70870353 | E81: =AVERAGE(D81:D85) -> 0.70861064 | M81: 237 | N81: 0.70886235 | O81: =AVERAGE(N81:N85) -> 0.70876921 | P81: 0.70847765 | Q81: =AVERAGE(P81:P85) -> 0.70893657 | R81: 0.70918 | AA81: 0.71221935 | AB81: =AVERAGE(AA81:AA85) -> 0.70668742 | AD81: 0.7093 | AE81: 0.714305 | AF81: 0.711256
A82: 240 | B82: 0.7087642 | C82: =AVERAGE(B82:B86) -> 0.70889975 | D82: 0.70895512 | E82: =AVERAGE(D82:D86) -> 0.70855654 | M82: 240 | N82: 0.70886526 | O82: =AVERAGE(N82:N86) -> 0.70887344 | P82: 0.70930291 | Q82: =AVERAGE(P82:P86) -> 0.7090173 | R82: 0.70918 | AA82: 0.70283901 | AB82: =AVERAGE(AA82:AA86) -> 0.70665087 | AD82: 0.7093 | AE82: 0.714305 | AF82: 0.711256
A83: 243 | B83: 0.70811844 | C83: =AVERAGE(B83:B87) -> 0.70867719 | D83: 0.70861571 | E83: =AVERAGE(D83:D87) -> 0.7084523 | M83: 243 | N83: 0.70851225 | O83: =AVERAGE(N83:N87) -> 0.70874031 | P83: 0.70876856 | Q83: =AVERAGE(P83:P87) -> 0.70899109 | R83: 0.70918 | AA83: 0.70601634 | AB83: =AVERAGE(AA83:AA87) -> 0.70709457 | AD83: 0.7093 | AE83: 0.714305 | AF83: 0.711256
A84: 246 | B84: 0.70906879 | C84: =AVERAGE(B84:B88) -> 0.70881197 | D84: 0.70820058 | E84: =AVERAGE(D84:D88) -> 0.70836569 | M84: 246 | N84: 0.70870723 | O84: =AVERAGE(N84:N88) -> 0.70873314 | P84: 0.70966151 | Q84: =AVERAGE(P84:P88) -> 0.70903939 | R84: 0.70918 | AA84: 0.70517642 | AB84: =AVERAGE(AA84:AA88) -> 0.70759268 | AD84: 0.7093 | AE84: 0.714305 | AF84: 0.711256
A85: 249 | B85: 0.7085543 | C85: =AVERAGE(B85:B89) -> 0.70872476 | D85: 0.70857824 | E85: =AVERAGE(D85:D89) -> 0.70845134 | M85: 249 | N85: 0.70889895 | O85: =AVERAGE(N85:N89) -> 0.70885819 | P85: 0.70847224 | Q85: =AVERAGE(P85:P89) -> 0.70896792 | R85: 0.70918 | AA85: 0.70718596 | AB85: =AVERAGE(AA85:AA89) -> 0.70945636 | AD85: 0.7093 | AE85: 0.714305 | AF85: 0.711256
A86: 252 | B86: 0.70999302 | C86: =AVERAGE(B86:B90) -> 0.70874208 | D86: 0.70843306 | E86: =AVERAGE(D86:D90) -> 0.70849327 | M86: 252 | N86: 0.70938349 | O86: =AVERAGE(N86:N90) -> 0.70883824 | P86: 0.70888129 | Q86: =AVERAGE(P86:P90) -> 0.70918294 | R86: 0.70918 | AA86: 0.71203662 | AB86: =AVERAGE(AA86:AA90) -> 0.70909333 | AD86: 0.7093 | AE86: 0.714305 | AF86: 0.711256
A87: 255 | B87: 0.70765141 | C87: =AVERAGE(B87:B91) -> 0.70853065 | D87: 0.7084339 | E87: =AVERAGE(D87:D91) -> 0.70841944 | M87: 255 | N87: 0.7081996 | O87: =AVERAGE(N87:N91) -> 0.70883141 | P87: 0.70917186 | Q87: =AVERAGE(P87:P91) -> 0.7091112 | R87: 0.70918 | AA87: 0.70505753 | AB87: =AVERAGE(AA87:AA91) -> 0.7086253 | AD87: 0.7093 | AE87: 0.714305 | AF87: 0.711256
A88: 258 | B88: 0.70879233 | C88: =AVERAGE(B88:B92) -> 0.7087021 | D88: 0.70818267 | E88: =AVERAGE(D88:D92) -> 0.70848826 | M88: 258 | N88: 0.70847641 | O88: =AVERAGE(N88:N92) -> 0.70895889 | P88: 0.70901006 | Q88: =AVERAGE(P88:P92) -> 0.70921777 | R88: 0.70918 | AA88: 0.70850686 | AB88: =AVERAGE(AA88:AA92) -> 0.71021137 | AD88: 0.7093 | AE88: 0.714305 | AF88: 0.711256
A89: 261 | B89: 0.70863276 | C89: =AVERAGE(B89:B93) -> 0.70872639 | D89: 0.7086288 | E89: =AVERAGE(D89:D93) -> 0.70847923 | M89: 261 | N89: 0.70933249 | O89: =AVERAGE(N89:N93) -> 0.70903379 | P89: 0.70930414 | Q89: =AVERAGE(P89:P93) -> 0.70923306 | R89: 0.70918 | AA89: 0.71449482 | AB89: =AVERAGE(AA89:AA93) -> 0.7117037 | AD89: 0.7093 | AE89: 0.714305 | AF89: 0.711256
... A118: 348 | B118: 0.7090033 | C118: =AVERAGE(B118:B122) -> 0.7090033 | D118: 0.70913797 | E118: =AVERAGE(D118:D122) -> 0.70913797 | M118: 348 | N118: 0.70969221 | O118: =AVERAGE(N118:N122) -> 0.7093019 | P118: 0.7088614 | Q118: =AVERAGE(P118:P122) -> 0.70903199 | R118: 0.70918 | AA118: 0.70458451 | AB118: =AVERAGE(AA118:AA122) -> 0.70960382 | AD118: 0.7093 | AE118: 0.714305 | AF118: 0.711256
M119: 351 | N119: 0.70908062 | O119: =AVERAGE(N119:N123) -> 0.7091718 | P119: 0.70941847 | Q119: =AVERAGE(P119:P123) -> 0.70908886 | R119: 0.70918 | AA119: 0.71050425 | AB119: =AVERAGE(AA119:AA123) -> 0.71171881 | AD119: 0.7093 | AE119: 0.714305 | AF119: 0.711256
M120: 354 | N120: 0.70971832 | O120: =AVERAGE(N120:N124) -> 0.70921738 | P120: 0.70855375 | Q120: =AVERAGE(P120:P124) -> 0.70892405 | R120: 0.70918 | AA120: 0.71264337 | AB120: =AVERAGE(AA120:AA124) -> 0.7105745 | AD120: 0.7093 | AE120: 0.714305 | AF120: 0.711256
M121: 357 | N121: 0.70871644 | O121: =AVERAGE(N121:N125) -> 0.70871644 | P121: 0.70929435 | Q121: =AVERAGE(P121:P125) -> 0.70929435 | R121: 0.70918 | AA121: 0.70830491 | AB121: =AVERAGE(AA121:AA125) -> 0.71029078 | AD121: 0.7093 | AE121: 0.714305 | AF121: 0.711256
AA122: 0.71198204 | AB122: =AVERAGE(AA122:AA126) -> 0.71039222 | AD122: 0.7093 | AE122: 0.714305 | AF122: 0.711256
AA123: 0.71515945 | AB123: =AVERAGE(AA123:AA127) -> 0.71161315 | AD123: 0.7093 | AE123: 0.714305 | AF123: 0.711256
AA124: 0.70478273 | AB124: =AVERAGE(AA124:AA128) -> 0.71130216 | AD124: 0.7093 | AE124: 0.714305 | AF124: 0.711256
AA125: 0.71122476 | AB125: =AVERAGE(AA125:AA129) -> 0.71196656 | AD125: 0.7093 | AE125: 0.714305 | AF125: 0.711256
AA126: 0.70881213 | AB126: =AVERAGE(AA126:AA130) -> 0.71048961 | AD126: 0.7093 | AE126: 0.714305 | AF126: 0.711256
AA127: 0.71808666 | AB127: =AVERAGE(AA127:AA131) -> 0.7111955 | AD127: 0.7093 | AE127: 0.714305 | AF127: 0.711256
AA128: 0.71360449 | AB128: =AVERAGE(AA128:AA132) -> 0.71031919 | AD128: 0.7093 | AE128: 0.714305 | AF128: 0.711256
AA129: 0.70810476 | AB129: =AVERAGE(AA129:AA133) -> 0.70769779 | AD129: 0.7093 | AE129: 0.714305 | AF129: 0.711256
AA130: 0.70384001 | AB130: =AVERAGE(AA130:AA134) -> 0.70834184 | AD130: 0.7093 | AE130: 0.714305 | AF130: 0.711256
AA131: 0.71234158 | AB131: =AVERAGE(AA131:AA135) -> 0.70928949 | AD131: 0.7093 | AE131: 0.714305 | AF131: 0.711256
AA132: 0.71370513 | AB132: =AVERAGE(AA132:AA136) -> 0.70933051 | AD132: 0.7093 | AE132: 0.714305 | AF132: 0.711256
AA133: 0.70049749 | AB133: =AVERAGE(AA133:AA137) -> 0.707163 | AD133: 0.7093 | AE133: 0.714305 | AF133: 0.711256
... AA187: 0.71092114 | AB187: =AVERAGE(AA187:AA191) -> 0.70854494 | AD187: 0.7093 | AE187: 0.714305 | AF187: 0.711256
AA188: 0.70204122 | AB188: =AVERAGE(AA188:AA192) -> 0.70833942
AA189: 0.70930567 | AB189: =AVERAGE(AA189:AA193) -> 0.7099878
AA190: 0.71026643 | AB190: =AVERAGE(AA190:AA194) -> 0.70974809
AA191: 0.71019026 | AB191: =AVERAGE(AA191:AA195) -> 0.70914519
AA192: 0.70989354 | AB192: =AVERAGE(AA192:AA196) -> 0.70924269
AA193: 0.71028309 | AB193: =AVERAGE(AA193:AA197) -> 0.70914105
AA194: 0.70810713 | AB194: =AVERAGE(AA194:AA198) -> 0.70897727
AA195: 0.70725191 | AB195: =AVERAGE(AA195:AA199) -> 0.70936587
AA196: 0.71067775 | AB196: =AVERAGE(AA196:AA200) -> 0.70990495
AA197: 0.70938537 | AB197: =AVERAGE(AA197:AA201) -> 0.71012206
AA198: 0.70946418 | AB198: =AVERAGE(AA198:AA202) -> 0.70993379
AA199: 0.71005012 | AB199: =AVERAGE(AA199:AA203) -> 0.71007209
... AA390: 0.71851394 | AB390: =AVERAGE(AA390:AA394) -> 0.71851394

Sheet Sheet2

Sheet Sheet1
A1: Distance from core | B1: Elson-23-1 | C1: Marine
A2: 0 | B2: 0.70819896 | C2: 0.70918
A3: 3 | B3: 0.70842344 | C3: 0.70918
A4: 6 | B4: 0.70765777 | C4: 0.70918
A5: 9 | B5: 0.70869746 | C5: 0.70918
A6: 12 | B6: 0.70752248 | C6: 0.70918
A7: 15 | B7: 0.70816982 | C7: 0.70918
A8: 18 | B8: 0.70996638 | C8: 0.70918
A9: 21 | B9: 0.70922134 | C9: 0.70918
A10: 24 | B10: 0.70883997 | C10: 0.70918
A11: 27 | B11: 0.70923803 | C11: 0.70918
A12: 30 | B12: 0.70804502 | C12: 0.70918
A13: 33 | B13: 0.7094469 | C13: 0.70918
... A365: 1089 | B365: 0.70791284 | C365: 0.70918
A366: 1092 | B366: #DIV/0!
A367: 1095 | B367: #DIV/0!
A368: 1098 | B368: #DIV/0!
A369: 1101 | B369: #DIV/0!
A370: 1104 | B370: #DIV/0!
A371: 1107 | B371: #DIV/0!
A372: 1110 | B372: #DIV/0!
A373: 1113 | B373: #DIV/0!
A374: 1116 | B374: #DIV/0!
A375: 1119 | B375: #DIV/0!
A376: 1122 | B376: #DIV/0!
A377: 1125 | B377: #DIV/0!
... A463: 1383 | B463: #DIV/0!
B464: #DIV/0!
B465: #DIV/0!
B466: #DIV/0!
B467: #DIV/0!
B468: #DIV/0!
B469: #DIV/0!
B470: #DIV/0!
B471: #DIV/0!
B472: #DIV/0!
B473: #DIV/0!
B474: #DIV/0!
B475: #DIV/0!
... B501: #DIV/0!
